,q10,q50,q90,truth,$btc_dom,$fg_index,$high_vol_flag,$momentum_10,$momentum_25,$momentum_5,$realized_vol_6,$relative_volatility_index,OPEN1,RSV1,RSV2,RSV3,VOLUME1,btc_std_7d,btc_zscore_14d,fg_std_7d,fg_zscore_14d,vol_momentum_scaled,vol_raw,vol_raw_decile,vol_raw_momentum,vol_risk,vol_scaled,prob_up,vol_regime_low,vol_regime_medium,vol_regime_high,momentum_regime_trending,momentum_regime_ranging,regime_low_vol_trending,regime_low_vol_ranging,regime_high_vol_trending,regime_high_vol_ranging,regime_stability,spread,abs_q50,market_variance,prediction_variance,total_risk,enhanced_info_ratio,info_ratio,potential_gain,potential_loss,expected_value,variance_regime_low,variance_regime_medium,variance_regime_high,variance_regime_extreme,signal_thresh_adaptive,effective_info_ratio_threshold,economically_significant_traditional,economically_significant_expected_value,economically_significant_combined,economically_significant,high_quality,tradeable,q50_x_low_variance,q50_x_high_variance,q50_x_extreme_variance,q50_x_trending,spread_x_high_variance,vol_risk_x_abs_q50,enhanced_info_ratio_x_trending,signal_to_variance_ratio,variance_adjusted_signal,signal_rel,signal_tier,kelly_position_size,signal_tanh,side,signal_strength,position_size_suggestion
q10,1.0,-0.060044539978724665,-0.472713280241771,0.31731653908896185,-0.041775925831244995,0.03298380826344416,-0.01360697712659792,0.07115625278594595,0.08077514842611072,0.06335802053511028,-0.5484071721650562,-0.0471508688978254,-0.049893990702853226,0.005807073980655146,0.010303336323326898,0.018801632371456108,-0.00013123924588790664,-0.42583066209356907,-0.0033997622785079105,-0.18875685385505866,0.12574891992088832,-0.031904121878831494,-0.5484071721650562,-0.16893865975040553,-0.03190412084399617,-0.3506313798014128,-0.0803684643715571,0.05241441258041232,,,,,,,,,,0.1266614384219697,-0.853870793824645,-0.18043335594019652,-0.3506313798014128,-0.7386246907033718,-0.7124296378104046,0.28921067864908484,0.2972908928787651,-0.6312713523758189,-0.8378510223205303,0.18399570857307065,0.36619996081242473,0.057344465529300066,-0.20574127781092638,-0.3786961027171046,-0.5352296313017957,-0.47043086042452353,0.055769098729197775,-0.05236125355518354,-0.04007964633385713,-0.05236125355518354,,-0.05236125355518354,0.07964618428747836,-0.06547270830616457,-0.18114590582975026,,-0.3406720609425754,-0.28734427024791653,,-0.05019544839117658,-0.030581612007533038,0.05912577694488366,0.06432090106610713,0.11810742816018004,0.06282603442788863,0.019641609161545684,0.10792332015776619,-0.019841790894784602
q50,-0.060044539978724665,1.0,0.19052478791426436,0.0910004708025115,0.08768640130883568,0.0793730559896253,0.06122467210428409,-0.3012341515648372,-0.16823777098116008,-0.4199599242793208,0.115395046830737,0.07722444919069095,0.5006967615499348,-0.3946883184620257,-0.555715114708585,-0.6103355921804382,0.0028501880084542477,0.10906037429138024,0.21407587768354497,0.021773651978399273,0.032174643321631884,0.022028804932124744,0.115395046830737,0.12690473752268297,0.02202880428322679,0.055785473085251315,0.09379674000439148,0.47447417020770577,,,,,,,,,,-0.012807912566477316,0.1470378346366337,0.5437732771073386,0.055785473085251315,0.10694608127896725,0.13798763512050832,0.289425566492718,0.282114058258697,0.09800236450398048,0.15578319355630496,0.0792315910349266,-0.09865224174212957,0.004393510132237963,0.045983393633815414,0.08220748099367187,0.11403050868209742,0.11126158920373463,0.31086234214992425,0.1194416640647147,0.16809625098290792,0.1194416640647147,,0.1194416640647147,0.422465420733755,0.47438220084894483,0.3733587366708633,,0.06147629496912659,0.13406580003274574,,0.4915476935801954,0.9883781410894638,0.44305746208047214,0.42710909009546305,0.2261526297031099,0.4518551292568872,0.29536351971555797,0.3071095364330556,0.11510225273757434
q90,-0.472713280241771,0.19052478791426436,1.0,0.38705372905825813,0.07672563753672895,0.018823912567781275,0.006587630095643843,-0.08925630432525411,-0.1017875644305167,-0.08272956956961738,0.502591002500718,0.06255366549561683,0.07691901517828549,-0.013186038042979974,-0.01810464497346563,-0.022111370888913132,-0.000597081598793408,0.38337346028594466,0.1173408940944736,0.16144018918052064,-0.09520107630947293,0.04357060589220419,0.502591002500718,0.17282605990358466,0.043570605597531786,0.3254938011740566,0.07958579461589226,0.17250342830595022,,,,,,,,,,-0.11233320876111469,0.862295953287952,0.23755743081427846,0.3254938011740566,0.7153058629655101,0.6829395553670871,-0.25846025488169583,-0.2799983495647849,0.8481791980329645,0.6283392201063525,0.2911795447886052,-0.3587836529608211,-0.030558547690012334,0.18739420455741645,0.34809017821219795,0.49943139859576685,0.44299326517085863,-0.006337594539497259,0.22382682318989008,0.23316287701951663,0.22382682318989008,,0.22382682318989008,-0.03599068423487488,0.1324407873513841,0.25390454669254914,,0.3240225428261674,0.31702489705934456,,0.11139715523085901,0.15446339202296488,-0.0023677140416916826,-0.007376190570224624,0.0462215680737871,-0.003925559563033383,0.3111237601744114,0.05064596495577461,0.1833015162234439
truth,0.31731653908896185,0.0910004708025115,0.38705372905825813,1.0,0.013854298698138893,0.012014604982388549,-0.003775579500761274,-0.0029307912002618313,-0.009149378521863418,-0.012796930281103482,0.009836693041613696,0.0003376736680900227,0.01592817056658357,-0.006808627157455064,-0.006156815585717198,-0.005910331188170697,-0.000159651004886849,-0.0028677422050417964,0.035059545589140054,-0.003351399499973811,0.013891448545121357,-0.009778163920308775,0.009836693041613696,0.0022144135218082036,-0.009778163726487946,0.02018349531159419,-0.0001539565221768756,0.10055590911964046,,,,,,,,,,-0.00010630836655466175,0.0462600334223255,0.0439183253083858,0.02018349531159419,0.02887919793887642,0.026953227422721736,0.007667431612588464,0.003925316575081403,0.17603970605642438,-0.10149738360754544,0.3035601458992978,-0.0061811715312195285,0.005008101965774591,-0.001189307961037785,0.0028495939818615704,0.011381478990154573,0.005174283995212384,0.025797293441146948,0.10588422280117774,0.11579294141929056,0.10588422280117774,,0.10588422280117774,0.02485115818121828,0.05061974099074788,0.06248162904275948,,0.0023268768682422414,0.05680581614259339,,0.03472274046860478,0.08347559619838935,0.03091711909131478,0.031212848275872722,0.08159638891065461,0.03210115031849582,0.19910954298312553,0.07885879317849966,0.09868757410485172
$btc_dom,-0.041775925831244995,0.08768640130883568,0.07672563753672895,0.013854298698138893,1.0,0.2580244996737947,-0.007734197757910841,0.04009001402082047,0.059651879885141285,0.028713553048977953,0.0700851615900809,0.0033483956234423556,-0.01681945196815171,0.031248571296555637,0.037128213748872,0.04035182321003429,-0.00042027862389566593,0.19748085982764021,0.08370940713850487,0.11128235222803333,0.036389482316904476,-0.00040895219851832604,0.0700851615900809,0.002711487063786329,-0.00040895232376613556,0.04969869314919586,0.005692475234836922,0.04934979798197919,,,,,,,,,,-0.45867835966443044,0.06932471656237478,0.014560814537857231,0.04969869314919586,0.06557512239784978,0.07713015143345207,-0.06129955880154698,-0.04386864489688782,0.06398366231446687,0.05489506342889026,0.024232670414377523,-0.03296438799130393,-0.003511720701854216,-0.0007835343803298795,0.05713281640802384,0.061365533214224756,0.06034094737078701,0.01855365348168263,0.031498212203103206,0.033085114652444306,0.031498212203103206,,0.031498212203103206,0.012183311744698406,0.05085418900345866,0.05882661547832652,,0.012604038657049642,0.04971875879333867,,-0.011470770182486037,0.08214100451593782,-0.023375848816264904,-0.014487896270604981,0.012800161847782448,-0.019883673548192028,0.053606349583351275,0.02291511892027843,0.02619215321207458
$fg_index,0.03298380826344416,0.0793730559896253,0.018823912567781275,0.012014604982388549,0.2580244996737947,1.0,0.002911043185398274,0.0652639035826247,0.15148916249947506,0.03904218386372013,-0.036013669391416106,0.019882213291726264,-0.02258353096970971,0.040434036050292305,0.050298255763798684,0.05807139212806312,0.007220000386193437,0.08303111583195638,-0.04216246124837162,-0.03460256318844262,0.2779413210710148,0.0024969161149442035,-0.036013669391416106,0.012362879635379983,0.0024969161439521185,-0.04384434135527025,0.03191448588799592,0.04893016011217446,,,,,,,,,,0.1876181184271558,-0.007836430002503319,0.0674331857791999,-0.04384434135527025,-0.032746496538612946,-0.0312884271281436,0.026710894634831735,0.010815138606774232,-0.0014337040432010368,-0.012328859219552497,0.022247966463078778,-0.021920593339660985,0.03833644123419486,0.006240917383950029,-0.03743867481884929,-0.029703828912421976,-0.0187759917221601,0.07128463370201614,0.0245172706708848,0.03441403432877109,0.0245172706708848,,0.0245172706708848,0.027222799391291016,0.03574219763968294,0.020763887622770677,,-0.005008271258843237,-0.02341343633000617,,0.0760706481877343,0.08042628577553096,0.06781169614172557,0.07858646989473612,0.05827181442686887,0.07297136237138098,0.05395662234405963,0.06983477005340102,0.030729308988653826
$high_vol_flag,-0.01360697712659792,0.06122467210428409,0.006587630095643843,-0.003775579500761274,-0.007734197757910841,0.002911043185398274,1.0,-0.031956847977782914,-0.021048340078995025,-0.03149759964074341,0.33927614448748705,0.7787238175207938,0.016222647326771356,0.005891907758938736,0.0029163326131329973,-0.0030572340797747006,-0.003174049174267335,-0.019346733252570476,0.016097463267661406,-0.011418739863322785,0.0003978324422648536,0.23325553166085364,0.33927614448748705,0.49998445420409315,0.23325553182970718,0.16318822281168538,0.6397486951961698,0.02567419485520182,,,,,,,,,,0.02338383591697267,0.01171040491272807,0.011521053228660557,0.16318822281168538,0.006320903289453805,0.24883778115018784,-0.16152787815792652,-0.00767205258727444,0.009367134193232245,0.0108796475530482,0.004392913443782619,-0.24733961328531653,-0.07708915265384646,0.18696637600837657,0.25441023805663293,0.3473429730816241,0.31667005027980977,-0.08581551692481164,0.0259904615176623,0.017592947225830977,0.0259904615176623,,0.0259904615176623,-0.04978863246750986,0.07336226701835923,0.12059692747798875,,0.092015027242831,0.12678855968283462,,-0.0653350934892121,0.04349620679527301,-0.1503160200061529,-0.13591132746145274,-0.06429340618683277,-0.14959213402941124,0.033094224445667814,-0.04781310882580514,0.008209063758279027
$momentum_10,0.07115625278594595,-0.3012341515648372,-0.08925630432525411,-0.0029307912002618313,0.04009001402082047,0.0652639035826247,-0.031956847977782914,1.0,0.6441037017721144,0.6969395187357348,-0.07417097833646233,-0.0338917435916393,-0.441772919509786,0.130905295383108,0.19870908623285644,0.26294886964024,-0.0017086194479307595,-0.007159552940397942,0.08357733266285221,-0.012459448659419704,0.1013945505450633,-0.024644155194312425,-0.07417097833646233,-0.03631459040247299,-0.024644154532937532,-0.11897699895969166,-0.044425690207593134,-0.13630942181050493,,,,,,,,,,4.562188905163362e-05,-0.09360974104228664,-0.137374101687274,-0.11897699895969166,-0.1372339190892678,-0.0884033402028537,-0.06162470670425083,-0.060225573686455765,-0.05722041347750641,-0.1046776909684411,-0.0013095815733671025,-0.0031493327132324006,0.015787383610786437,0.01727141544134887,-0.04399786389333271,-0.06606354491028395,-0.03285389685047267,-0.05332473026336971,-0.005940262041397828,-0.021344044370150247,-0.005940262041397828,,-0.005940262041397828,-0.0651041946438961,-0.1902940522384304,-0.1610747836542015,,0.0028503551958660696,-0.13143612857844642,,-0.10385311857850968,-0.29046295976039593,-0.09667566736295016,-0.0917319325503231,-0.037693742476348074,-0.09736356977196305,-0.0662187148032532,-0.056025878718701835,0.005961584441398336
$momentum_25,0.08077514842611072,-0.16823777098116008,-0.1017875644305167,-0.009149378521863418,0.059651879885141285,0.15148916249947506,-0.021048340078995025,0.6441037017721144,1.0,0.4492295258381267,-0.0987542915821503,-0.019822204362267122,-0.28277979665347586,0.09141744600238981,0.12205542214742214,0.15517073501979411,-0.0008266180565181724,-0.0072321732351905066,0.10821370005174868,-0.026884697167538035,0.2689578799457632,-0.011968098597735928,-0.0987542915821503,-0.04980266064110717,-0.011968098166470247,-0.14452166520172813,-0.04018440154461703,-0.07778888776601123,,,,,,,,,,-0.00018704387028553306,-0.10653890163696104,-0.08654719732876183,-0.14452166520172813,-0.16946695284940527,-0.10913458353742449,-0.03359943357068316,-0.03284829966043724,-0.0804700762622808,-0.1032045020870324,-0.008899363896225965,-0.0052164429632672125,0.025658279746695604,0.02015967748354265,-0.06081001667701734,-0.0842042727125342,-0.044995706991468654,-0.01664766777297749,0.0029488935283308758,-0.008429255578722058,0.0029488935283308758,,0.0029488935283308758,-0.034131926725567655,-0.10359062806165653,-0.0965397903288967,,0.00730586178768871,-0.14690797650213464,,-0.04841682362431126,-0.15897417773371356,-0.04880371032932551,-0.04479544942643893,-0.01012080594369803,-0.0477783286667183,-0.034602559968228655,-0.02074917324394952,0.01966245851562261
$momentum_5,0.06335802053511028,-0.4199599242793208,-0.08272956956961738,-0.012796930281103482,0.028713553048977953,0.03904218386372013,-0.03149759964074341,0.6969395187357348,0.4492295258381267,1.0,-0.03396330936313221,-0.026623723311757434,-0.6235081260543199,0.18642841289493292,0.30216543811755375,0.40821161429438535,-0.0038525844976661856,-0.004635851187120713,0.06296349431084446,-0.008220157929823267,0.05531907333045484,-0.053144605160470884,-0.03396330936313221,-0.012432400775539263,-0.05314460456867385,-0.055888125173708676,-0.0262624961754036,-0.1660797194358871,,,,,,,,,,-6.705299431016394e-05,-0.08527338931521815,-0.24415254570202144,-0.055888125173708676,-0.12620187806253522,-0.05698933850080761,-0.11771125980414966,-0.11467540845142486,-0.037733123666526105,-0.11016063572280117,0.011770073581008494,-0.005485347116667735,0.010485058621232519,0.010589793877858815,-0.022862320455706457,-0.03013773228747048,-0.015235295936556698,-0.08166575783851047,0.0017754832586107955,-0.024471385543598078,0.0017754832586107955,,0.0017754832586107955,-0.08602352180150503,-0.2665452724347204,-0.25328967617313536,,-0.008117676482810022,-0.12145520607461675,,-0.2013819059763944,-0.4005546901959105,-0.18340722546041924,-0.1581072728846792,-0.060426414556861395,-0.1796518730759336,-0.07870893530075085,-0.08330748155410425,0.005449382715116779
$realized_vol_6,-0.5484071721650562,0.115395046830737,0.502591002500718,0.009836693041613696,0.0700851615900809,-0.036013669391416106,0.33927614448748705,-0.07417097833646233,-0.0987542915821503,-0.03396330936313221,1.0,0.4162040735305301,0.022596341987820907,0.00906548917700859,0.011717115979400493,0.011017859589388264,3.752356155230232e-05,0.3835609105422417,0.07843795666883946,0.17596870822283067,-0.1031682821083844,0.20432182961013273,1.0,0.600253142360003,0.2043218283485317,0.752159084822969,0.5076148448441257,0.026866291427692507,,,,,,,,,,-0.1214646983747865,0.612003035453215,0.1893663558778776,0.752159084822969,0.5148899868587276,0.9541696286529049,-0.3414147968571407,-0.16516876191141547,0.544276030086102,0.5058621525444494,0.06643057067000224,-0.4862074412523454,-0.20282128110059272,0.25520895226144485,0.7336092816797052,0.9486025877548421,0.8048282995217478,-0.11989154724634332,0.13832270327830487,0.13119857461472842,0.13832270327830487,,0.13832270327830487,-0.0977866888873317,0.09212332629498012,0.34843695347357034,,0.2365344251511265,0.6357059265429128,,-0.06916682666076078,0.053560101662311566,-0.19759243087259873,-0.18011834927846015,-0.09877899716166244,-0.19740359881114664,0.13243064545893807,-0.07044406101637239,0.05999983685389809
$relative_volatility_index,-0.0471508688978254,0.07722444919069095,0.06255366549561683,0.0003376736680900227,0.0033483956234423556,0.019882213291726264,0.7787238175207938,-0.0338917435916393,-0.019822204362267122,-0.026623723311757434,0.4162040735305301,1.0,0.00911953184659519,0.00876608322754807,0.008244202254279959,0.0037957908177672197,-0.0019810256448363223,-0.00022364372886556227,0.002930403967390284,-0.011135569944681093,0.006405455934960709,0.30033907754833605,0.4162040735305302,0.6172623551308906,0.30033907771741564,0.19040644596436296,0.7678636938480898,0.060347635749564796,,,,,,,,,,0.0019946858071609465,0.06404292243386334,0.014493728426618196,0.19040644596436296,0.03153558205106024,0.3181621513739569,-0.23605132976176646,-0.05596592097092562,0.0533550817608767,0.05661170112473023,0.009539175464377887,-0.3656744948538034,-0.027245562861655647,0.23452998647602183,0.2903585612890447,0.43091618597113573,0.40120026047997986,-0.11708979123003177,0.022667896676155576,0.012289563673021886,0.022667896676155576,,0.022667896676155576,-0.0664478026348554,0.08906836562101957,0.13174881406201205,,0.14115861056033074,0.14475919257845662,,-0.07095696444812293,0.0586160162424336,-0.1980862690564284,-0.1774733179374012,-0.09494669064051582,-0.19736009081020592,0.03915699052165443,-0.07262586196876265,0.002736079766427759
OPEN1,-0.049893990702853226,0.5006967615499348,0.07691901517828549,0.01592817056658357,-0.01681945196815171,-0.02258353096970971,0.016222647326771356,-0.441772919509786,-0.28277979665347586,-0.6235081260543199,0.022596341987820907,0.00911953184659519,1.0,-0.34022410288428134,-0.5760774998513603,-0.6207476617689003,-0.0026000906000275535,0.012683230965999581,-0.043226774230003255,0.007540412052005309,-0.030268998000827038,0.045727861452780134,0.022596341987820907,0.008502214545436884,0.045727859870934175,0.014567021683473628,0.01457634357145054,0.19934680084737144,,,,,,,,,,-0.0024310283334002016,0.07410410631911256,0.3026726621910096,0.014567021683473628,0.10808989595138674,0.04357270248600586,0.14674947474343633,0.14793427452937585,0.02631097505577917,0.10245771202624444,-0.0040939713151486555,-0.0014998024395311658,-0.009475044416583108,-0.00013533044512086716,0.01794369733568383,0.01619680410124464,0.014727223616582253,0.09614414499367456,0.018508633695615555,0.051000864831951445,0.018508633695615555,,0.018508633695615555,0.0971803844268403,0.2982885622469855,0.3515860760149911,,0.011791179808540614,0.10173730637799341,,0.24782573287834353,0.46738697115638195,0.22554131837278385,0.18522486655761666,0.07888860768441082,0.21837980431451354,0.10623611865990717,0.1097310941733948,0.017560423230157482
RSV1,0.005807073980655146,-0.3946883184620257,-0.013186038042979974,-0.006808627157455064,0.031248571296555637,0.040434036050292305,0.005891907758938736,0.130905295383108,0.09141744600238981,0.18642841289493292,0.00906548917700859,0.00876608322754807,-0.34022410288428134,1.0,0.8108812218730754,0.6836413875329619,-0.011178143323044513,0.010182036878587982,0.02235438615106624,-0.0017202905903349924,0.027641675629311392,-0.0007457255223525667,0.009065489177008593,0.008325064473232177,-0.0007457252027850179,0.005177015129499451,0.0076416445945572025,-0.20737701637589237,,,,,,,,,,-0.015881396004161878,-0.011125378499198167,-0.18491575470885116,0.005177015129499451,-0.011101064728210428,0.0024094590592005664,-0.13146982422555042,-0.12072653668446587,0.016389633281817268,-0.03660549761680666,0.00030891599158848975,-0.011129430713038341,0.0067725990131891085,0.00012779143583843835,0.005770674799061026,0.008707888113186872,0.009816148792851524,-0.10801099369744345,-0.011203443834728606,-0.024850945404499062,-0.011203443834728606,,-0.011203443834728606,-0.2053976010717679,-0.17720559716336937,-0.11691455401842878,,-0.0038341921902995406,-0.027383402537929435,,-0.17815961149910245,-0.3958386563047388,-0.1710440664181289,-0.17044029151345452,-0.06945114760393924,-0.17434843872524425,-0.07592367634095729,-0.09476821436928481,-0.013029616302796627
RSV2,0.010303336323326898,-0.555715114708585,-0.01810464497346563,-0.006156815585717198,0.037128213748872,0.050298255763798684,0.0029163326131329973,0.19870908623285644,0.12205542214742214,0.30216543811755375,0.011717115979400493,0.008244202254279959,-0.5760774998513603,0.8108812218730754,1.0,0.8962333403608349,0.007488459830134588,0.012286372267817345,0.030142050080792147,-0.0008490476480777574,0.028626342964947,-0.008410962397760124,0.011717115979400493,0.011994359077641459,-0.008410962088039006,0.006594921932065176,0.00825004512643581,-0.28141846700134177,,,,,,,,,,-0.017415610320880473,-0.016614370888620316,-0.283653140450635,0.006594921932065176,-0.017592100622726908,0.001459345580372399,-0.20570336553537408,-0.18956771815881956,0.021665033304627847,-0.05172641538083452,-9.987736208151941e-05,-0.01361075825941934,0.004802004851096526,0.0033962759215438814,0.008420858831057306,0.01266802232690467,0.013069469178193653,-0.14610972266253955,-0.018447810490052764,-0.047925172258343876,-0.018447810490052764,,-0.018447810490052764,-0.2836721514815118,-0.2505588095087992,-0.1692746186741392,,-0.0035854505416803187,-0.04047317077010507,,-0.27383676356389397,-0.556163325970216,-0.2655781563491153,-0.24080134207047324,-0.09496349781370969,-0.26417009020599697,-0.1096040406285243,-0.13456880959493878,-0.020251757019445312
RSV3,0.018801632371456108,-0.6103355921804382,-0.022111370888913132,-0.005910331188170697,0.04035182321003429,0.05807139212806312,-0.0030572340797747006,0.26294886964024,0.15517073501979411,0.40821161429438535,0.011017859589388264,0.0037957908177672197,-0.6207476617689003,0.6836413875329619,0.8962333403608349,1.0,0.008173059069051102,0.014209440943267706,0.036276253747556546,0.0005179807834020548,0.02871528804247262,-0.013672733717555287,0.01101785958938826,0.010919522576336462,-0.013672733382739482,0.007186435336062176,0.003817242831086977,-0.3064851185714341,,,,,,,,,,-0.017631753417942334,-0.023864597323434614,-0.31964862700722957,0.007186435336062176,-0.02402320983173432,-0.0021503752384162697,-0.22965038860548392,-0.2100795073597745,0.02188338657829335,-0.0646354226841424,0.005555046316175649,-0.014409688829141093,0.006901801565108503,0.003287926362958392,0.00635683851896594,0.011987945713372892,0.011838925057474716,-0.1623981526973924,-0.01541468713603992,-0.05087460528481232,-0.01541468713603992,,-0.01541468713603992,-0.3060800110542567,-0.2784808931011401,-0.18725692016275855,,-0.004841926349986977,-0.04445519600213281,,-0.30767583977160723,-0.61076260377008,-0.2983188863580695,-0.2685349940569948,-0.10457892253683741,-0.29614994587023596,-0.11605083736493874,-0.1470059831221928,-0.017215097776464634
VOLUME1,-0.00013123924588790664,0.0028501880084542477,-0.000597081598793408,-0.000159651004886849,-0.00042027862389566593,0.007220000386193437,-0.003174049174267335,-0.0017086194479307595,-0.0008266180565181724,-0.0038525844976661856,3.752356155230232e-05,-0.0019810256448363223,-0.0026000906000275535,-0.011178143323044513,0.007488459830134588,0.008173059069051102,1.0,0.003955869992549433,0.0027593064930830384,0.0011650353438253016,0.004736759598357679,-0.0015083529102062148,3.7523561552302264e-05,-0.0033846370917333876,-0.0015083529068329854,-0.0005216849202823925,-0.001314267029078464,0.001153740595554903,,,,,,,,,,0.0023492502802799258,-0.0002772439292573587,-0.00035839381563105964,-0.0005216849202823925,-0.0005706205788987989,-0.0003498919721792821,-0.002396654255967978,-0.0021309512584712976,-0.0010310018671163446,0.0005824784685856281,-0.0011482503016211187,-0.0039367216176125625,0.002451765762216222,0.0030107037024690217,-0.0020044687446085607,0.0009732213425037396,0.00031304479576666817,-0.0015930679713929933,0.0008033261174748899,0.0014923731686993388,0.0008033261174748899,,0.0008033261174748899,-0.0008236108552387216,0.006534172691011574,-0.0008773414375763964,,0.0034760360863782353,-0.00022123358694626718,,0.00019598709508866094,0.003093135595226601,-0.002102659795422859,-0.0007447459676757,-0.000987863445153768,-0.00213673113487311,0.0018214590937467856,0.0007564745234540364,0.0009329641534075052
btc_std_7d,-0.42583066209356907,0.10906037429138024,0.38337346028594466,-0.0028677422050417964,0.19748085982764021,0.08303111583195638,-0.019346733252570476,-0.007159552940397942,-0.0072321732351905066,-0.004635851187120713,0.3835609105422417,-0.00022364372886556227,0.012683230965999581,0.010182036878587982,0.012286372267817345,0.014209440943267706,0.003955869992549433,1.0,0.03613998934415639,0.18772243973339806,0.005890098589799103,-0.0005498704995122954,0.3835609105422416,0.06553092832697073,-0.0005498711277042984,0.2671512063318543,0.006217488507083797,0.042488362349183184,,,,,,,,,,-0.293341978727504,0.47114742010100324,0.1974909296252701,0.2671512063318543,0.4005223922935722,0.45186488784932816,-0.10000704642060668,-0.06089847191813228,0.40842518831947033,0.40069067655983404,0.03531954114391513,-0.23091136978092358,-0.05885460997113663,0.12494656814030791,0.2822325762440851,0.3785382626437477,0.33055744201394993,0.0340269211414325,0.12247892357910029,0.1266127714667442,0.12247892357910029,,0.12247892357910029,-0.012739069051693511,0.06871906018598536,0.14915432762394015,,0.18718919442343324,0.2402270213300828,,0.10159873195769475,0.08800185936742574,0.026156187674564433,0.027523724176460464,0.04016021088378247,0.027690538499995865,0.1269789997898144,0.049251810419215475,0.09675657093710513
btc_zscore_14d,-0.0033997622785079105,0.21407587768354497,0.1173408940944736,0.035059545589140054,0.08370940713850487,-0.04216246124837162,0.016097463267661406,0.08357733266285221,0.10821370005174868,0.06296349431084446,0.07843795666883946,0.002930403967390284,-0.043226774230003255,0.02235438615106624,0.030142050080792147,0.036276253747556546,0.0027593064930830384,0.03613998934415639,1.0,0.06885937761815598,0.0615531071805813,0.000779047012878971,0.07843795666883946,0.082760540729569,0.0007790470772433446,0.03277551801299809,0.018904750572384207,0.11434773114475838,,,,,,,,,,0.0408433371789486,0.07126041007308045,0.13674165709409186,0.03277551801299809,0.036521479688570564,0.08346198786496326,0.050037990985433,0.05267722064461917,0.08195678652951396,0.03958391656378144,0.07258104237466209,-0.05460499184763299,-0.006464764115310041,0.022507780387927397,0.06395635957742336,0.07285997908715766,0.07599428453041643,0.12714374329811026,0.0868920845775407,0.09534648727105102,0.0868920845775407,,0.0868920845775407,0.09839917921473947,0.09257604778507994,0.0881031883216396,,0.01892817091159213,0.044665977032502656,,0.11235340228470046,0.20929031421154162,0.10049762527265109,0.11285676357333965,0.1115107717480021,0.11048056862393973,0.13726277065648665,0.1276852920217007,0.08268247625325734
fg_std_7d,-0.18875685385505866,0.021773651978399273,0.16144018918052064,-0.003351399499973811,0.11128235222803333,-0.03460256318844262,-0.011418739863322785,-0.012459448659419704,-0.026884697167538035,-0.008220157929823267,0.17596870822283067,-0.011135569944681093,0.007540412052005309,-0.0017202905903349924,-0.0008490476480777574,0.0005179807834020548,0.0011650353438253016,0.18772243973339806,0.06885937761815598,1.0,-0.10690483364296584,-0.004773269595208155,0.17596870822283073,0.05365622010260871,-0.004773269804796604,0.08025008175358286,-0.01281649545513758,0.015273787484164057,,,,,,,,,,-0.15658523026210994,0.20382572980128755,0.1525743132892071,0.08025008175358286,0.11574669615664926,0.2023087581589406,-0.05793800825996079,-0.03903981341190068,0.18344147846784914,0.16656401641236057,0.026268356540591533,-0.1731823104038515,0.012413591157571513,0.08900523317750797,0.12559466621628504,0.18559298472602836,0.18070063151486618,0.05116338545755509,0.07014705683610842,0.07843982868557267,0.07014705683610842,,0.07014705683610842,-0.03336424510464621,0.031513422208137076,0.050384652312316015,,0.10587367524964947,0.07508857093960442,,0.11830397889919553,0.016330238495988324,0.05451544920516375,0.05479068471271922,0.037460924269639255,0.0561151226863778,0.059491810771524274,0.03566227414479956,0.06401581156113097
fg_zscore_14d,0.12574891992088832,0.032174643321631884,-0.09520107630947293,0.013891448545121357,0.036389482316904476,0.2779413210710148,0.0003978324422648536,0.1013945505450633,0.2689578799457632,0.05531907333045484,-0.1031682821083844,0.006405455934960709,-0.030268998000827038,0.027641675629311392,0.028626342964947,0.02871528804247262,0.004736759598357679,0.005890098589799103,0.0615531071805813,-0.10690483364296584,1.0,0.002813938786837988,-0.10316828210838443,-0.034546450255069104,0.002813938774496026,-0.06837254519951763,0.005235480278873633,0.02160293164193229,,,,,,,,,,-0.007888360646854798,-0.1284935109186536,-0.0230138045466787,-0.06837254519951763,-0.11248299258459589,-0.12031986693369776,0.02976705597444947,0.03490906440861911,-0.10814251480226374,-0.11282981213210891,0.0019289240074149671,0.017505066046172933,0.06681410787831912,-0.029183079681350976,-0.09693277385561688,-0.09670513319173624,-0.0840435565838798,0.04354167636193147,-0.00021135458699401987,-0.0034158394446354083,-0.00021135458699401987,,-0.00021135458699401987,0.023524585641392756,-0.0018303423049769603,-0.021520317046122013,,-0.05849518299255247,-0.055048978731012006,,0.00904939216234262,0.03676342548015826,0.020340157223222896,0.03214348542483131,0.028267003597334927,0.025147342732016683,0.008126440586346059,0.0351859647785146,0.009326457947883325
vol_momentum_scaled,-0.031904121878831494,0.022028804932124744,0.04357060589220419,-0.009778163920308775,-0.00040895219851832604,0.0024969161149442035,0.23325553166085364,-0.024644155194312425,-0.011968098597735928,-0.053144605160470884,0.20432182961013273,0.30033907754833605,0.045727861452780134,-0.0007457255223525667,-0.008410962397760124,-0.013672733717555287,-0.0015083529102062148,-0.0005498704995122954,0.000779047012878971,-0.004773269595208155,0.002813938786837988,1.0,0.20432182961013273,0.18977973808615603,1.0000000000000009,0.161727655853951,0.28628097476366215,0.02551647366275096,,,,,,,,,,2.6685455716046076e-05,0.04406891334072773,0.07446284627852097,0.161727655853951,0.05705781180250241,0.16614727178547115,-0.04117387447247775,0.010814958706723592,0.0434164597813712,0.03183866293545252,0.01577762121501502,-0.07616550229398542,-0.05763995962243093,0.04222239595475309,0.15417089714697493,0.18894646539506282,0.15672670366958433,-0.029136873031748653,0.02484440624216031,0.035851666833518724,0.02484440624216031,,0.02484440624216031,-0.02177607452739197,0.02568182558557675,0.08130483100345626,,0.013097020766942493,0.1381856729398598,,0.00476046546482188,0.006653186469063652,-0.020441186889964567,-0.03100016568834134,-0.012774974350641111,-0.024457667069822307,0.03311086277783933,0.0025445285884347466,0.004371609053436516
vol_raw,-0.5484071721650562,0.115395046830737,0.502591002500718,0.009836693041613696,0.0700851615900809,-0.036013669391416106,0.33927614448748705,-0.07417097833646233,-0.0987542915821503,-0.03396330936313221,1.0,0.4162040735305302,0.022596341987820907,0.009065489177008593,0.011717115979400493,0.01101785958938826,3.7523561552302264e-05,0.3835609105422416,0.07843795666883946,0.17596870822283073,-0.10316828210838443,0.20432182961013273,1.0,0.600253142360003,0.2043218283485317,0.752159084822969,0.5076148448441257,0.026866291427692507,,,,,,,,,,-0.1214646983747865,0.612003035453215,0.1893663558778776,0.752159084822969,0.5148899868587276,0.9541696286529049,-0.3414147968571407,-0.16516876191141547,0.544276030086102,0.5058621525444494,0.06643057067000224,-0.4862074412523454,-0.20282128110059272,0.25520895226144485,0.7336092816797052,0.9486025877548421,0.8048282995217478,-0.11989154724634332,0.13832270327830487,0.13119857461472842,0.13832270327830487,,0.13832270327830487,-0.0977866888873317,0.09212332629498012,0.34843695347357034,,0.2365344251511265,0.6357059265429128,,-0.06916682666076078,0.053560101662311566,-0.19759243087259873,-0.18011834927846015,-0.09877899716166244,-0.19740359881114664,0.13243064545893807,-0.07044406101637239,0.05999983685389809
vol_raw_decile,-0.16893865975040553,0.12690473752268297,0.17282605990358466,0.0022144135218082036,0.002711487063786329,0.012362879635379983,0.49998445420409315,-0.03631459040247299,-0.04980266064110717,-0.012432400775539263,0.600253142360003,0.6172623551308906,0.008502214545436884,0.008325064473232177,0.011994359077641459,0.010919522576336462,-0.0033846370917333876,0.06553092832697073,0.082760540729569,0.05365622010260871,-0.034546450255069104,0.18977973808615603,0.600253142360003,1.0,0.18977973795365322,0.25537242992523723,0.7576623235304408,0.06232951394555415,,,,,,,,,,0.0049639504203067815,0.19916189098366952,0.12725355348295295,0.25537242992523723,0.14110061659347076,0.4924411654417573,-0.27159881375606104,-0.02400193358006801,0.17369194325784984,0.16840294362135153,0.02720104666694173,-0.5679720463247179,-0.014039415395592777,0.3598995934185733,0.41064731863411663,0.6290557989614325,0.5916489986304458,-0.12410005706627676,0.08522332399655937,0.08133821029691561,0.08522332399655937,,0.08522332399655937,-0.09830313757866498,0.14387887830092674,0.18979800853415585,,0.25110069522970274,0.20018029517798902,,0.008053632071530764,0.10256591215080169,-0.18804303721031163,-0.17585939209841625,-0.07642286356729908,-0.18985336853626683,0.1006531804224095,-0.04924013962011162,0.05819239950865224
vol_raw_momentum,-0.03190412084399617,0.02202880428322679,0.043570605597531786,-0.009778163726487946,-0.00040895232376613556,0.0024969161439521185,0.23325553182970718,-0.024644154532937532,-0.011968098166470247,-0.05314460456867385,0.2043218283485317,0.30033907771741564,0.045727859870934175,-0.0007457252027850179,-0.008410962088039006,-0.013672733382739482,-0.0015083529068329854,-0.0005498711277042984,0.0007790470772433446,-0.004773269804796604,0.002813938774496026,1.0000000000000009,0.2043218283485317,0.18977973795365322,1.0,0.16172765434281772,0.2862809749332344,0.025516473813321932,,,,,,,,,,2.6685703687480057e-05,0.04406891257199783,0.07446284567329503,0.16172765434281772,0.05705781061114901,0.16614727051489914,-0.041173874508422074,0.010814958388760164,0.04341645949193923,0.031838661897868825,0.015777621871366172,-0.07616550221095475,-0.05763995960805088,0.04222239626331098,0.15417089658525593,0.1889464645483841,0.15672670319133583,-0.02913687306711073,0.024844406144028875,0.03585166673161372,0.024844406144028875,,0.024844406144028875,-0.02177607455733443,0.02568182578963984,0.08130482959565452,,0.013097020941557949,0.1381856710908478,,0.004760465473608031,0.0066531861060924935,-0.020441187116074226,-0.031000165875311344,-0.012774974364192133,-0.02445766730890188,0.03311086268387347,0.0025445285361361163,0.0043716090443466585
vol_risk,-0.3506313798014128,0.055785473085251315,0.3254938011740566,0.02018349531159419,0.04969869314919586,-0.04384434135527025,0.16318822281168538,-0.11897699895969166,-0.14452166520172813,-0.055888125173708676,0.752159084822969,0.19040644596436296,0.014567021683473628,0.005177015129499451,0.006594921932065176,0.007186435336062176,-0.0005216849202823925,0.2671512063318543,0.03277551801299809,0.08025008175358286,-0.06837254519951763,0.161727655853951,0.752159084822969,0.25537242992523723,0.16172765434281772,1.0,0.22543431341985878,0.0019128742333396967,,,,,,,,,,-0.06842675215391451,0.39374671338166833,0.08459179572984465,1.0,0.4796806417452916,0.7070390375540625,-0.14331893665604786,-0.07142482685253006,0.36868322946244797,0.306228952659357,0.07526623587126312,-0.1540222513878428,-0.1327575989270101,0.027186694069490154,0.4158093322905756,0.6963899665207924,0.3981782064082973,-0.049961679141264134,0.06404389634529892,0.061486325251952564,0.06404389634529892,,0.06404389634529892,-0.03191073330582384,0.01065311602116181,0.2113120125198844,,0.027216369669734487,0.886546239600222,,-0.09504058936990473,0.00753162278207811,-0.10169052377282572,-0.08331620616287327,-0.04366142066414583,-0.09846611622712743,0.06015394707175883,-0.03638206321335789,-0.00666631195538096
vol_scaled,-0.0803684643715571,0.09379674000439148,0.07958579461589226,-0.0001539565221768756,0.005692475234836922,0.03191448588799592,0.6397486951961698,-0.044425690207593134,-0.04018440154461703,-0.0262624961754036,0.5076148448441257,0.7678636938480898,0.01457634357145054,0.0076416445945572025,0.00825004512643581,0.003817242831086977,-0.001314267029078464,0.006217488507083797,0.018904750572384207,-0.01281649545513758,0.005235480278873633,0.28628097476366215,0.5076148448441257,0.7576623235304408,0.2862809749332344,0.22543431341985878,1.0,0.04691680125233999,,,,,,,,,,0.011852897895937152,0.09319185432335185,0.05873943418425714,0.22543431341985876,0.057405661777635536,0.39285299656822636,-0.25198159103269324,-0.03187363080066987,0.07932552325638285,0.08076806087313274,0.012428286951616652,-0.4353542364673545,-0.05869330589012816,0.29956184060440844,0.3614392109441114,0.5282752458788501,0.4899500583711189,-0.12662656133793887,0.043004943413266064,0.03349544358241887,0.043004943413266064,,0.043004943413266064,-0.08074990202663729,0.11152275775881813,0.16885549868991076,,0.17957376090545005,0.1747886331341343,,-0.048857438740995816,0.07101850817590243,-0.20324691297692354,-0.1870584053675621,-0.09656510657591369,-0.20407422642221065,0.05359970624798002,-0.07362436447682752,0.017845383888548148
prob_up,0.05241441258041232,0.47447417020770577,0.17250342830595022,0.10055590911964046,0.04934979798197919,0.04893016011217446,0.02567419485520182,-0.13630942181050493,-0.07778888776601123,-0.1660797194358871,0.026866291427692507,0.060347635749564796,0.19934680084737144,-0.20737701637589237,-0.28141846700134177,-0.3064851185714341,0.001153740595554903,0.042488362349183184,0.11434773114475838,0.015273787484164057,0.02160293164193229,0.02551647366275096,0.026866291427692507,0.06232951394555415,0.025516473813321932,0.0019128742333396967,0.04691680125233999,1.0,,,,,,,,,,0.004527474638923292,0.07176733961680654,0.21490420744734307,0.0019128742333397047,0.025898629271884518,0.0430419168674413,0.09842550940344809,0.040965623585713075,0.05830070424599735,0.06829721701334822,0.13438016528205307,-0.06429348389786371,0.035584973792351975,0.02609380521326698,0.005309166883235849,0.0323956788016623,0.03482113745411219,0.15787226545604577,0.08721873076447344,0.10474571589805472,0.08721873076447344,,0.08721873076447344,0.31895162562178186,0.18256632221257643,0.11476729695212647,,0.026328254300985475,0.02500152969681164,,0.2126326478617901,0.47924681117180523,0.19336612833894537,0.19972998383075025,0.2005068555706762,0.20124607313463055,0.19890560836146784,0.20890505746765708,0.0877827492592521
vol_regime_low,,,,,,,,,,,,,,,,,,,,,,,,,,,,,,,,,,,,,,,,,,,,,,,,,,,,,,,,,,,,,,,,,,,,,,,,,,,,
vol_regime_medium,,,,,,,,,,,,,,,,,,,,,,,,,,,,,,,,,,,,,,,,,,,,,,,,,,,,,,,,,,,,,,,,,,,,,,,,,,,,
vol_regime_high,,,,,,,,,,,,,,,,,,,,,,,,,,,,,,,,,,,,,,,,,,,,,,,,,,,,,,,,,,,,,,,,,,,,,,,,,,,,
momentum_regime_trending,,,,,,,,,,,,,,,,,,,,,,,,,,,,,,,,,,,,,,,,,,,,,,,,,,,,,,,,,,,,,,,,,,,,,,,,,,,,
momentum_regime_ranging,,,,,,,,,,,,,,,,,,,,,,,,,,,,,,,,,,,,,,,,,,,,,,,,,,,,,,,,,,,,,,,,,,,,,,,,,,,,
regime_low_vol_trending,,,,,,,,,,,,,,,,,,,,,,,,,,,,,,,,,,,,,,,,,,,,,,,,,,,,,,,,,,,,,,,,,,,,,,,,,,,,
regime_low_vol_ranging,,,,,,,,,,,,,,,,,,,,,,,,,,,,,,,,,,,,,,,,,,,,,,,,,,,,,,,,,,,,,,,,,,,,,,,,,,,,
regime_high_vol_trending,,,,,,,,,,,,,,,,,,,,,,,,,,,,,,,,,,,,,,,,,,,,,,,,,,,,,,,,,,,,,,,,,,,,,,,,,,,,
regime_high_vol_ranging,,,,,,,,,,,,,,,,,,,,,,,,,,,,,,,,,,,,,,,,,,,,,,,,,,,,,,,,,,,,,,,,,,,,,,,,,,,,
regime_stability,0.1266614384219697,-0.012807912566477316,-0.11233320876111469,-0.00010630836655466175,-0.45867835966443044,0.1876181184271558,0.02338383591697267,4.562188905163362e-05,-0.00018704387028553306,-6.705299431016394e-05,-0.1214646983747865,0.0019946858071609465,-0.0024310283334002016,-0.015881396004161878,-0.017415610320880473,-0.017631753417942334,0.0023492502802799258,-0.293341978727504,0.0408433371789486,-0.15658523026210994,-0.007888360646854798,2.6685455716046076e-05,-0.1214646983747865,0.0049639504203067815,2.6685703687480057e-05,-0.06842675215391451,0.011852897895937152,0.004527474638923292,,,,,,,,,,1.0,-0.13913689347508373,-0.01354135003287396,-0.06842675215391451,-0.102530434574264,-0.14057544994634955,0.10070270678084532,0.07339571030849833,-0.12010929145428646,-0.1188359418676089,-0.007043289367757736,0.07137083485707585,0.021189719407716717,-0.03215213774729068,-0.10075247970152165,-0.11622902901916919,-0.11272640384693575,0.039354963707676355,-0.021404548563484022,-0.015981776762581883,-0.021404548563484022,,-0.021404548563484022,0.03833909475429631,-0.026086436272283513,-0.06006329519067919,,-0.062203249867516484,-0.05970543076197569,,0.022202054742564474,-0.0034694736715290835,0.05367625787993496,0.052179343157226575,0.031193631462261635,0.05519016134227861,-0.015153537354901029,0.03609417975115522,-0.012722839617672373
spread,-0.853870793824645,0.1470378346366337,0.862295953287952,0.0462600334223255,0.06932471656237478,-0.007836430002503319,0.01171040491272807,-0.09360974104228664,-0.10653890163696104,-0.08527338931521815,0.612003035453215,0.06404292243386334,0.07410410631911256,-0.011125378499198167,-0.016614370888620316,-0.023864597323434614,-0.0002772439292573587,0.47114742010100324,0.07126041007308045,0.20382572980128755,-0.1284935109186536,0.04406891334072773,0.612003035453215,0.19916189098366952,0.04406891257199783,0.39374671338166833,0.09319185432335185,0.07176733961680654,,,,,,,,,,-0.13913689347508373,1.0,0.24400068678981293,0.3937467133816684,0.8469532309627035,0.8127828735232264,-0.31885739528407814,-0.3362221605713194,0.8637417881634188,0.8526088706437895,0.0662474229488765,-0.422355888972488,-0.051003110249358316,0.22891567454242498,0.4232209559005531,0.6025641555488467,0.53199169307912,-0.03579184286442342,0.16229215852063444,0.1607486248998987,0.16229215852063444,,0.16229215852063444,-0.0670275986554138,0.11585025529879704,0.25406548901558096,,0.38715444589184056,0.35237568348377096,,0.09464164689983685,0.10880706050761778,-0.03537602457381093,-0.04131970970047884,-0.04057178593367749,-0.03842256713417652,0.17247599550835782,-0.032106086589793414,0.11966831725944423
abs_q50,-0.18043335594019652,0.5437732771073386,0.23755743081427846,0.0439183253083858,0.014560814537857231,0.0674331857791999,0.011521053228660557,-0.137374101687274,-0.08654719732876183,-0.24415254570202144,0.1893663558778776,0.014493728426618196,0.3026726621910096,-0.18491575470885116,-0.283653140450635,-0.31964862700722957,-0.00035839381563105964,0.1974909296252701,0.13674165709409186,0.1525743132892071,-0.0230138045466787,0.07446284627852097,0.1893663558778776,0.12725355348295295,0.07446284567329503,0.08459179572984465,0.05873943418425714,0.21490420744734307,,,,,,,,,,-0.01354135003287396,0.24400068678981293,1.0,0.08459179572984464,0.15438001672545903,0.22712941714190368,0.5776191204029895,0.5628968402061398,0.2399482615078495,0.17804388025622278,0.13207742233321768,-0.18414163736003963,0.019678606276745635,0.09255202211436063,0.12574276171488524,0.1920539734789861,0.18604513327354338,0.45114315318288767,0.20141705781692415,0.3380682743181149,0.20141705781692415,,0.20141705781692415,0.15593736398730476,0.28597865867498695,0.2797717202840936,,0.11437360274672181,0.21206137485677304,,0.92706722600752,0.5245872243913221,0.8456903600809094,0.6940708054745371,0.4226164495465836,0.8234519267368291,0.2753338221671892,0.4574918614601378,0.1924670068466314
market_variance,-0.3506313798014128,0.055785473085251315,0.3254938011740566,0.02018349531159419,0.04969869314919586,-0.04384434135527025,0.16318822281168538,-0.11897699895969166,-0.14452166520172813,-0.055888125173708676,0.752159084822969,0.19040644596436296,0.014567021683473628,0.005177015129499451,0.006594921932065176,0.007186435336062176,-0.0005216849202823925,0.2671512063318543,0.03277551801299809,0.08025008175358286,-0.06837254519951763,0.161727655853951,0.752159084822969,0.25537242992523723,0.16172765434281772,1.0,0.22543431341985876,0.0019128742333397047,,,,,,,,,,-0.06842675215391451,0.3937467133816684,0.08459179572984464,1.0,0.4796806417452916,0.7070390375540625,-0.14331893665604786,-0.07142482685253006,0.36868322946244797,0.306228952659357,0.07526623587126312,-0.1540222513878428,-0.1327575989270101,0.027186694069490154,0.4158093322905756,0.6963899665207924,0.3981782064082973,-0.049961679141264134,0.06404389634529892,0.061486325251952564,0.06404389634529892,,0.06404389634529892,-0.03191073330582384,0.01065311602116181,0.2113120125198844,,0.027216369669734487,0.886546239600222,,-0.09504058936990473,0.00753162278207811,-0.10169052377282572,-0.08331620616287327,-0.04366142066414583,-0.09846611622712743,0.06015394707175883,-0.03638206321335789,-0.00666631195538096
prediction_variance,-0.7386246907033718,0.10694608127896725,0.7153058629655101,0.02887919793887642,0.06557512239784978,-0.032746496538612946,0.006320903289453805,-0.1372339190892678,-0.16946695284940527,-0.12620187806253522,0.5148899868587276,0.03153558205106024,0.10808989595138674,-0.011101064728210428,-0.017592100622726908,-0.02402320983173432,-0.0005706205788987989,0.4005223922935722,0.036521479688570564,0.11574669615664926,-0.11248299258459589,0.05705781180250241,0.5148899868587276,0.14110061659347076,0.05705781061114901,0.4796806417452916,0.057405661777635536,0.025898629271884518,,,,,,,,,,-0.102530434574264,0.8469532309627035,0.15438001672545903,0.4796806417452916,1.0,0.6919110753456675,-0.18409732498295966,-0.18486147178081927,0.7274619643857191,0.7265082316693048,0.04486976227431875,-0.21623673726580428,-0.09142432420949406,0.10318177266223047,0.34202124137954026,0.48681884942503656,0.3702429653212151,-0.03223980958717023,0.10067359208571679,0.10062379757946922,0.10067359208571679,,0.10067359208571679,-0.038158014129721134,0.06421095761481956,0.2297782894827085,,0.24127374226406295,0.44783930380210707,,0.013696835050260106,0.06623068956696015,-0.0405232665221094,-0.043550215740959186,-0.025447964382429963,-0.04227924428988031,0.10906049353946452,-0.027755427539135832,0.05474612736379328
total_risk,-0.7124296378104046,0.13798763512050832,0.6829395553670871,0.026953227422721736,0.07713015143345207,-0.0312884271281436,0.24883778115018784,-0.0884033402028537,-0.10913458353742449,-0.05698933850080761,0.9541696286529049,0.3181621513739569,0.04357270248600586,0.0024094590592005664,0.001459345580372399,-0.0021503752384162697,-0.0003498919721792821,0.45186488784932816,0.08346198786496326,0.2023087581589406,-0.12031986693369776,0.16614727178547115,0.9541696286529049,0.4924411654417573,0.16614727051489914,0.7070390375540625,0.39285299656822636,0.0430419168674413,,,,,,,,,,-0.14057544994634955,0.8127828735232264,0.22712941714190368,0.7070390375540625,0.6919110753456675,1.0,-0.36305891401884877,-0.23909885907888903,0.7124000454451755,0.6824920506948372,0.0704388424939438,-0.49180530034778186,-0.17087443791989126,0.25432885330138155,0.6911659305687777,0.9081914843905508,0.7743564993445009,-0.09349115843191177,0.16107099821211232,0.15539826176984325,0.16107099821211232,,0.16107099821211232,-0.09057073507399324,0.10487923414552022,0.345948103692137,,0.3041429915724077,0.6043272766824439,,-0.017649662357983962,0.07851963136698735,-0.1497904292355807,-0.13835784736469425,-0.08110333099094205,-0.1502597733570212,0.16091658426841407,-0.06125838874148865,0.08741120026679207
enhanced_info_ratio,0.28921067864908484,0.289425566492718,-0.25846025488169583,0.007667431612588464,-0.06129955880154698,0.026710894634831735,-0.16152787815792652,-0.06162470670425083,-0.03359943357068316,-0.11771125980414966,-0.3414147968571407,-0.23605132976176646,0.14674947474343633,-0.13146982422555042,-0.20570336553537408,-0.22965038860548392,-0.002396654255967978,-0.10000704642060668,0.050037990985433,-0.05793800825996079,0.02976705597444947,-0.04117387447247775,-0.3414147968571407,-0.27159881375606104,-0.041173874508422074,-0.14331893665604786,-0.25198159103269324,0.09842550940344809,,,,,,,,,,0.10070270678084532,-0.31885739528407814,0.5776191204029895,-0.14331893665604786,-0.18409732498295966,-0.36305891401884877,1.0,0.8623543817051602,-0.25830665549991183,-0.2892411361877514,0.04860361720596575,0.3546284859128885,-0.035256742491779416,-0.19672278447612287,-0.221831865139782,-0.35735978729848494,-0.34241979219805196,0.49949102477158963,0.03587377695386012,0.14148016970325358,0.03587377695386012,,0.03587377695386012,0.3128496375942459,0.04656893180853408,-0.04021155558001831,,-0.1867467512121411,-0.06662497906062333,,0.6535812935517131,0.3093471905106253,0.8199588991082903,0.7084752695055618,0.4756629445305697,0.8115929126273006,0.08609302532294362,0.4746395939716371,0.051570681529406255
info_ratio,0.2972908928787651,0.282114058258697,-0.2799983495647849,0.003925316575081403,-0.04386864489688782,0.010815138606774232,-0.00767205258727444,-0.060225573686455765,-0.03284829966043724,-0.11467540845142486,-0.16516876191141547,-0.05596592097092562,0.14793427452937585,-0.12072653668446587,-0.18956771815881956,-0.2100795073597745,-0.0021309512584712976,-0.06089847191813228,0.05267722064461917,-0.03903981341190068,0.03490906440861911,0.010814958706723592,-0.16516876191141547,-0.02400193358006801,0.010814958388760164,-0.07142482685253006,-0.03187363080066987,0.040965623585713075,,,,,,,,,,0.07339571030849833,-0.3362221605713194,0.5628968402061398,-0.07142482685253006,-0.18486147178081927,-0.23909885907888903,0.8623543817051602,1.0,-0.27104801614115925,-0.30541454794982675,0.04756903429403242,0.1900165060197953,-0.04141542019750414,-0.09582591007443128,-0.09485639119057657,-0.1728060244312551,-0.16472996605134124,0.38515630326155353,0.05091250449189631,0.14903133885097578,0.05091250449189631,,0.05091250449189631,0.22405007695815982,0.08711756433173302,0.03139656555519365,,-0.13891490663428116,0.0018645016634268898,,0.5904555315155837,0.29037897087491366,0.6754344822002712,0.5628504510547596,0.4249072386437994,0.6621875965547825,0.09490833968170403,0.4234406189734621,0.05912862502073
potential_gain,-0.6312713523758189,0.09800236450398048,0.8481791980329645,0.17603970605642438,0.06398366231446687,-0.0014337040432010368,0.009367134193232245,-0.05722041347750641,-0.0804700762622808,-0.037733123666526105,0.544276030086102,0.0533550817608767,0.02631097505577917,0.016389633281817268,0.021665033304627847,0.02188338657829335,-0.0010310018671163446,0.40842518831947033,0.08195678652951396,0.18344147846784914,-0.10814251480226374,0.0434164597813712,0.544276030086102,0.17369194325784984,0.04341645949193923,0.36868322946244797,0.07932552325638285,0.05830070424599735,,,,,,,,,,-0.12010929145428646,0.8637417881634188,0.2399482615078495,0.36868322946244797,0.7274619643857191,0.7124000454451755,-0.25830665549991183,-0.27104801614115925,1.0,0.47323891509616695,0.5509799447232867,-0.3642625755889105,-0.04953896537167652,0.1980396914279716,0.37325947032615375,0.5364308173742751,0.4652612168154742,-0.015416234594249435,0.4166511865716847,0.38735655511183414,0.4166511865716847,,0.4166511865716847,-0.07533509909129783,0.08480993904061565,0.2063663543906394,,0.3326462017191996,0.3424652125327691,,0.1057033182068782,0.06625872448878381,-0.008502922306550077,-0.015604917175992376,0.07322497622157113,-0.011095881315956695,0.40311514377759644,0.08568345107757043,0.36537685288390065
potential_loss,-0.8378510223205303,0.15578319355630496,0.6283392201063525,-0.10149738360754544,0.05489506342889026,-0.012328859219552497,0.0108796475530482,-0.1046776909684411,-0.1032045020870324,-0.11016063572280117,0.5058621525444494,0.05661170112473023,0.10245771202624444,-0.03660549761680666,-0.05172641538083452,-0.0646354226841424,0.0005824784685856281,0.40069067655983404,0.03958391656378144,0.16656401641236057,-0.11282981213210891,0.03183866293545252,0.5058621525444494,0.16840294362135153,0.031838661897868825,0.306228952659357,0.08076806087313274,0.06829721701334822,,,,,,,,,,-0.1188359418676089,0.8526088706437895,0.17804388025622278,0.306228952659357,0.7265082316693048,0.6824920506948372,-0.2892411361877514,-0.30541454794982675,0.47323891509616695,1.0,-0.4547851493545822,-0.36084392638001866,-0.03787657413507891,0.19486527229577644,0.3532258609644657,0.497521227003517,0.4479865388622808,-0.04640767511867987,-0.14791171363754232,-0.12015282094811698,-0.14791171363754232,,-0.14791171363754232,-0.03884640747444034,0.11469131410777458,0.2305121628902361,,0.33192015618379933,0.2610734737253611,,0.056018914438038275,0.12182814895994698,-0.05286136809835436,-0.05586893425809495,-0.1453281174347258,-0.055492081225147934,-0.11597781818327497,-0.14415065657896248,-0.1692731689004429
expected_value,0.18399570857307065,0.0792315910349266,0.2911795447886052,0.3035601458992978,0.024232670414377523,0.022247966463078778,0.004392913443782619,-0.0013095815733671025,-0.008899363896225965,0.011770073581008494,0.06643057067000224,0.009539175464377887,-0.0040939713151486555,0.00030891599158848975,-9.987736208151941e-05,0.005555046316175649,-0.0011482503016211187,0.03531954114391513,0.07258104237466209,0.026268356540591533,0.0019289240074149671,0.01577762121501502,0.06643057067000224,0.02720104666694173,0.015777621871366172,0.07526623587126312,0.012428286951616652,0.13438016528205307,,,,,,,,,,-0.007043289367757736,0.0662474229488765,0.13207742233321768,0.07526623587126312,0.04486976227431875,0.0704388424939438,0.04860361720596575,0.04756903429403242,0.5509799447232867,-0.4547851493545822,1.0,-0.030788867444951407,-0.009506188778496816,0.017262257350177352,0.03953735319488226,0.06812267380616309,0.04556325315572321,0.0668804578581413,0.5635380597568939,0.5154938601649348,0.5635380597568939,,0.5635380597568939,0.01651700487706069,0.03805687154193016,0.037221264647573235,,0.022734272724416568,0.10314268038853007,,0.1105575157159749,0.07806925322491677,0.0934705570167705,0.08870150758434919,0.24990231852932204,0.09475341242108043,0.5504723776919762,0.26346344845096686,0.5332417835411737
variance_regime_low,0.36619996081242473,-0.09865224174212957,-0.3587836529608211,-0.0061811715312195285,-0.03296438799130393,-0.021920593339660985,-0.24733961328531653,-0.0031493327132324006,-0.0052164429632672125,-0.005485347116667735,-0.4862074412523454,-0.3656744948538034,-0.0014998024395311658,-0.011129430713038341,-0.01361075825941934,-0.014409688829141093,-0.0039367216176125625,-0.23091136978092358,-0.05460499184763299,-0.1731823104038515,0.017505066046172933,-0.07616550229398542,-0.4862074412523454,-0.5679720463247179,-0.07616550221095475,-0.1540222513878428,-0.4353542364673545,-0.06429348389786371,,,,,,,,,,0.07137083485707585,-0.422355888972488,-0.18414163736003963,-0.1540222513878428,-0.21623673726580428,-0.49180530034778186,0.3546284859128885,0.1900165060197953,-0.3642625755889105,-0.36084392638001866,-0.030788867444951407,1.0,-0.5345118736236512,-0.32734307862769285,-0.21822815756547032,-0.6032269477622854,-0.6475221787173548,0.1464800861318126,-0.12017109086494923,-0.11812686483995659,-0.12017109086494923,,-0.12017109086494923,0.2092123688798844,-0.11401094659983252,-0.09551688246226785,,-0.29368327786409965,-0.11766476972043537,,-0.1308348361708357,-0.08885505490334115,0.1729368740956958,0.1695656290238104,0.10428106453829163,0.17980775995326467,-0.12014306492101583,0.05831436364449626,-0.10949750048553945
variance_regime_medium,0.057344465529300066,0.004393510132237963,-0.030558547690012334,0.005008101965774591,-0.003511720701854216,0.03833644123419486,-0.07708915265384646,0.015787383610786437,0.025658279746695604,0.010485058621232519,-0.20282128110059272,-0.027245562861655647,-0.009475044416583108,0.0067725990131891085,0.004802004851096526,0.006901801565108503,0.002451765762216222,-0.05885460997113663,-0.006464764115310041,0.012413591157571513,0.06681410787831912,-0.05763995962243093,-0.20282128110059272,-0.014039415395592777,-0.05763995960805088,-0.1327575989270101,-0.05869330589012816,0.035584973792351975,,,,,,,,,,0.021189719407716717,-0.051003110249358316,0.019678606276745635,-0.1327575989270101,-0.09142432420949406,-0.17087443791989126,-0.035256742491779416,-0.04141542019750414,-0.04953896537167652,-0.03787657413507891,-0.009506188778496816,-0.5345118736236512,1.0,-0.40823883622326285,-0.27215852386174616,-0.1860275652680002,0.04250393514293081,0.005817011757080732,-0.008941948546871813,-0.0024498377828521306,-0.008941948546871813,,-0.008941948546871813,-0.11182649527523153,-0.1421862846520281,-0.11912181280735101,,-0.3662607441589891,-0.10757375423803833,,0.0982696586215782,0.021800653914659993,0.05041440293191665,0.047231275317997694,0.009854994778113716,0.04696327743431566,-0.0018751691572039004,-0.000577868082742866,0.006704398351837018
variance_regime_high,-0.20574127781092638,0.045983393633815414,0.18739420455741645,-0.001189307961037785,-0.0007835343803298795,0.006240917383950029,0.18696637600837657,0.01727141544134887,0.02015967748354265,0.010589793877858815,0.25520895226144485,0.23452998647602183,-0.00013533044512086716,0.00012779143583843835,0.0033962759215438814,0.003287926362958392,0.0030107037024690217,0.12494656814030791,0.022507780387927397,0.08900523317750797,-0.029183079681350976,0.04222239595475309,0.25520895226144485,0.3598995934185733,0.04222239626331098,0.027186694069490154,0.29956184060440844,0.02609380521326698,,,,,,,,,,-0.03215213774729068,0.22891567454242498,0.09255202211436063,0.027186694069490154,0.10318177266223047,0.25432885330138155,-0.19672278447612287,-0.09582591007443128,0.1980396914279716,0.19486527229577644,0.017262257350177352,-0.32734307862769285,-0.40823883622326285,1.0,-0.16667395706610422,0.3755584632054545,0.026030046608984142,-0.109266182402246,0.07622769413904984,0.07129958997103211,0.07622769413904984,,0.07622769413904984,-0.0684842209161339,0.34829191158645084,-0.0729519826598371,,0.897172712785927,0.011795162609060902,,0.14195413631806839,0.057975242714294294,-0.13343328652573563,-0.1387366552302988,-0.07283695593712,-0.13869088376275798,0.06941077627121611,-0.014924414062421988,0.08716349889019323
variance_regime_extreme,-0.3786961027171046,0.08220748099367187,0.34809017821219795,0.0028495939818615704,0.05713281640802384,-0.03743867481884929,0.25441023805663293,-0.04399786389333271,-0.06081001667701734,-0.022862320455706457,0.7336092816797052,0.2903585612890447,0.01794369733568383,0.005770674799061026,0.008420858831057306,0.00635683851896594,-0.0020044687446085607,0.2822325762440851,0.06395635957742336,0.12559466621628504,-0.09693277385561688,0.15417089714697493,0.7336092816797052,0.41064731863411663,0.15417089658525593,0.4158093322905756,0.3614392109441114,0.005309166883235849,,,,,,,,,,-0.10075247970152165,0.4232209559005531,0.12574276171488524,0.4158093322905756,0.34202124137954026,0.6911659305687777,-0.221831865139782,-0.09485639119057657,0.37325947032615375,0.3532258609644657,0.03953735319488226,-0.21822815756547032,-0.27215852386174616,-0.16667395706610422,1.0,0.7244695600122303,0.8849871597914015,-0.0875617392037257,0.09652839491111428,0.08937529540028853,0.09652839491111428,,0.09652839491111428,-0.04565602980056454,-0.05805119111823219,0.4376927502291294,,-0.14953532621176302,0.3396706894837958,,-0.14988890810522587,0.02282801261014981,-0.16857755099752195,-0.1511588874208959,-0.07826805404314512,-0.16642730984323717,0.094035079779998,-0.06823334005128312,0.0400935566465765
signal_thresh_adaptive,-0.5352296313017957,0.11403050868209742,0.49943139859576685,0.011381478990154573,0.061365533214224756,-0.029703828912421976,0.3473429730816241,-0.06606354491028395,-0.0842042727125342,-0.03013773228747048,0.9486025877548421,0.43091618597113573,0.01619680410124464,0.008707888113186872,0.01266802232690467,0.011987945713372892,0.0009732213425037396,0.3785382626437477,0.07285997908715766,0.18559298472602836,-0.09670513319173624,0.18894646539506282,0.9486025877548421,0.6290557989614325,0.1889464645483841,0.6963899665207924,0.5282752458788501,0.0323956788016623,,,,,,,,,,-0.11622902901916919,0.6025641555488467,0.1920539734789861,0.6963899665207924,0.48681884942503656,0.9081914843905508,-0.35735978729848494,-0.1728060244312551,0.5364308173742751,0.497521227003517,0.06812267380616309,-0.6032269477622854,-0.1860275652680002,0.3755584632054545,0.7244695600122303,1.0,0.8535231473693172,-0.15213909448434812,0.14247815396862254,0.13516495848992305,0.14247815396862254,,0.14247815396862254,-0.12615228412294519,0.13118469586080564,0.3292126720444321,,0.33784910382054506,0.5915090060510739,,-0.031197496022186223,0.06297231794657672,-0.23444243983783727,-0.21822285831237478,-0.1185468108812257,-0.23591080071755516,0.1370859266571906,-0.07531746480829839,0.08310257273775178
effective_info_ratio_threshold,-0.47043086042452353,0.11126158920373463,0.44299326517085863,0.005174283995212384,0.06034094737078701,-0.0187759917221601,0.31667005027980977,-0.03285389685047267,-0.044995706991468654,-0.015235295936556698,0.8048282995217478,0.40120026047997986,0.014727223616582253,0.009816148792851524,0.013069469178193653,0.011838925057474716,0.00031304479576666817,0.33055744201394993,0.07599428453041643,0.18070063151486618,-0.0840435565838798,0.15672670366958433,0.8048282995217478,0.5916489986304458,0.15672670319133583,0.3981782064082973,0.4899500583711189,0.03482113745411219,,,,,,,,,,-0.11272640384693575,0.53199169307912,0.18604513327354338,0.3981782064082973,0.3702429653212151,0.7743564993445009,-0.34241979219805196,-0.16472996605134124,0.4652612168154742,0.4479865388622808,0.04556325315572321,-0.6475221787173548,0.04250393514293081,0.026030046608984142,0.8849871597914015,0.8535231473693172,1.0,-0.1382619340731556,0.13271128657139325,0.12615033467305764,0.13271128657139325,,0.13271128657139325,-0.13546964891172183,0.009066054692126967,0.3873524638865725,,0.023353447530125197,0.321377336058191,,-0.054620080626746635,0.0602197231389547,-0.2141474568414094,-0.19893732161236624,-0.11087101530830472,-0.2157466063898629,0.1307509668662541,-0.08110383524806819,0.08355064046451029
economically_significant_traditional,0.055769098729197775,0.31086234214992425,-0.006337594539497259,0.025797293441146948,0.01855365348168263,0.07128463370201614,-0.08581551692481164,-0.05332473026336971,-0.01664766777297749,-0.08166575783851047,-0.11989154724634332,-0.11708979123003177,0.09614414499367456,-0.10801099369744345,-0.14610972266253955,-0.1623981526973924,-0.0015930679713929933,0.0340269211414325,0.12714374329811026,0.05116338545755509,0.04354167636193147,-0.029136873031748653,-0.11989154724634332,-0.12410005706627676,-0.02913687306711073,-0.049961679141264134,-0.12662656133793887,0.15787226545604577,,,,,,,,,,0.039354963707676355,-0.03579184286442342,0.45114315318288767,-0.049961679141264134,-0.03223980958717023,-0.09349115843191177,0.49949102477158963,0.38515630326155353,-0.015416234594249435,-0.04640767511867987,0.0668804578581413,0.1464800861318126,0.005817011757080732,-0.109266182402246,-0.0875617392037257,-0.15213909448434812,-0.1382619340731556,1.0,0.09375482390738557,0.12681823342201126,0.09375482390738557,,0.09375482390738557,0.33586161063870035,0.004029436171856879,-0.03654125248669777,,-0.096024365010474,-0.023112334767814664,,0.49761054882403616,0.3289003987668314,0.623216297889999,0.7384790441100515,0.6095632490981857,0.6825679033327986,0.13663275731819147,0.46268872523543797,0.10043325020239822
economically_significant_expected_value,-0.05236125355518354,0.1194416640647147,0.22382682318989008,0.10588422280117774,0.031498212203103206,0.0245172706708848,0.0259904615176623,-0.005940262041397828,0.0029488935283308758,0.0017754832586107955,0.13832270327830487,0.022667896676155576,0.018508633695615555,-0.011203443834728606,-0.018447810490052764,-0.01541468713603992,0.0008033261174748899,0.12247892357910029,0.0868920845775407,0.07014705683610842,-0.00021135458699401987,0.02484440624216031,0.13832270327830487,0.08522332399655937,0.024844406144028875,0.06404389634529892,0.043004943413266064,0.08721873076447344,,,,,,,,,,-0.021404548563484022,0.16229215852063444,0.20141705781692415,0.06404389634529892,0.10067359208571679,0.16107099821211232,0.03587377695386012,0.05091250449189631,0.4166511865716847,-0.14791171363754232,0.5635380597568939,-0.12017109086494923,-0.008941948546871813,0.07622769413904984,0.09652839491111428,0.14247815396862254,0.13271128657139325,0.09375482390738557,1.0,0.891197339023411,1.0,,1.0,0.026512767766888167,0.06095344238883378,0.054393716057699965,,0.08199094370291936,0.06737968101598217,,0.1740857948939908,0.11751312754102379,0.13027612614582446,0.1238258308883076,0.3082511083238388,0.13216217763947175,0.9405840088048415,0.5175310123697583,0.9888747674911925
economically_significant_combined,-0.04007964633385713,0.16809625098290792,0.23316287701951663,0.11579294141929056,0.033085114652444306,0.03441403432877109,0.017592947225830977,-0.021344044370150247,-0.008429255578722058,-0.024471385543598078,0.13119857461472842,0.012289563673021886,0.051000864831951445,-0.024850945404499062,-0.047925172258343876,-0.05087460528481232,0.0014923731686993388,0.1266127714667442,0.09534648727105102,0.07843982868557267,-0.0034158394446354083,0.035851666833518724,0.13119857461472842,0.08133821029691561,0.03585166673161372,0.061486325251952564,0.03349544358241887,0.10474571589805472,,,,,,,,,,-0.015981776762581883,0.1607486248998987,0.3380682743181149,0.061486325251952564,0.10062379757946922,0.15539826176984325,0.14148016970325358,0.14903133885097578,0.38735655511183414,-0.12015282094811698,0.5154938601649348,-0.11812686483995659,-0.0024498377828521306,0.07129958997103211,0.08937529540028853,0.13516495848992305,0.12615033467305764,0.12681823342201126,0.891197339023411,1.0,0.891197339023411,,0.891197339023411,0.044758131733253485,0.0847786172000953,0.07370613105681137,,0.07852032661785352,0.08719567016467225,,0.30729114424070314,0.1653551996556143,0.2609594019768016,0.19023604965748736,0.3529063041355166,0.24612519035977182,0.8711003556094656,0.57724494112607,0.8804309818017888
economically_significant,-0.05236125355518354,0.1194416640647147,0.22382682318989008,0.10588422280117774,0.031498212203103206,0.0245172706708848,0.0259904615176623,-0.005940262041397828,0.0029488935283308758,0.0017754832586107955,0.13832270327830487,0.022667896676155576,0.018508633695615555,-0.011203443834728606,-0.018447810490052764,-0.01541468713603992,0.0008033261174748899,0.12247892357910029,0.0868920845775407,0.07014705683610842,-0.00021135458699401987,0.02484440624216031,0.13832270327830487,0.08522332399655937,0.024844406144028875,0.06404389634529892,0.043004943413266064,0.08721873076447344,,,,,,,,,,-0.021404548563484022,0.16229215852063444,0.20141705781692415,0.06404389634529892,0.10067359208571679,0.16107099821211232,0.03587377695386012,0.05091250449189631,0.4166511865716847,-0.14791171363754232,0.5635380597568939,-0.12017109086494923,-0.008941948546871813,0.07622769413904984,0.09652839491111428,0.14247815396862254,0.13271128657139325,0.09375482390738557,1.0,0.891197339023411,1.0,,1.0,0.026512767766888167,0.06095344238883378,0.054393716057699965,,0.08199094370291936,0.06737968101598217,,0.1740857948939908,0.11751312754102379,0.13027612614582446,0.1238258308883076,0.3082511083238388,0.13216217763947175,0.9405840088048415,0.5175310123697583,0.9888747674911925
high_quality,,,,,,,,,,,,,,,,,,,,,,,,,,,,,,,,,,,,,,,,,,,,,,,,,,,,,,,,,,,,,,,,,,,,,,,,,,,,
tradeable,-0.05236125355518354,0.1194416640647147,0.22382682318989008,0.10588422280117774,0.031498212203103206,0.0245172706708848,0.0259904615176623,-0.005940262041397828,0.0029488935283308758,0.0017754832586107955,0.13832270327830487,0.022667896676155576,0.018508633695615555,-0.011203443834728606,-0.018447810490052764,-0.01541468713603992,0.0008033261174748899,0.12247892357910029,0.0868920845775407,0.07014705683610842,-0.00021135458699401987,0.02484440624216031,0.13832270327830487,0.08522332399655937,0.024844406144028875,0.06404389634529892,0.043004943413266064,0.08721873076447344,,,,,,,,,,-0.021404548563484022,0.16229215852063444,0.20141705781692415,0.06404389634529892,0.10067359208571679,0.16107099821211232,0.03587377695386012,0.05091250449189631,0.4166511865716847,-0.14791171363754232,0.5635380597568939,-0.12017109086494923,-0.008941948546871813,0.07622769413904984,0.09652839491111428,0.14247815396862254,0.13271128657139325,0.09375482390738557,1.0,0.891197339023411,1.0,,1.0,0.026512767766888167,0.06095344238883378,0.054393716057699965,,0.08199094370291936,0.06737968101598217,,0.1740857948939908,0.11751312754102379,0.13027612614582446,0.1238258308883076,0.3082511083238388,0.13216217763947175,0.9405840088048415,0.5175310123697583,0.9888747674911925
q50_x_low_variance,0.07964618428747836,0.422465420733755,-0.03599068423487488,0.02485115818121828,0.012183311744698406,0.027222799391291016,-0.04978863246750986,-0.0651041946438961,-0.034131926725567655,-0.08602352180150503,-0.0977866888873317,-0.0664478026348554,0.0971803844268403,-0.2053976010717679,-0.2836721514815118,-0.3060800110542567,-0.0008236108552387216,-0.012739069051693511,0.09839917921473947,-0.03336424510464621,0.023524585641392756,-0.02177607452739197,-0.0977866888873317,-0.09830313757866498,-0.02177607455733443,-0.03191073330582384,-0.08074990202663729,0.31895162562178186,,,,,,,,,,0.03833909475429631,-0.0670275986554138,0.15593736398730476,-0.03191073330582384,-0.038158014129721134,-0.09057073507399324,0.3128496375942459,0.22405007695815982,-0.07533509909129783,-0.03884640747444034,0.01651700487706069,0.2092123688798844,-0.11182649527523153,-0.0684842209161339,-0.04565602980056454,-0.12615228412294519,-0.13546964891172183,0.33586161063870035,0.026512767766888167,0.044758131733253485,0.026512767766888167,,0.026512767766888167,1.0,-0.02385250021638893,-0.01998331324795225,,-0.06144217426235792,-0.022762778735353466,,0.17653547096414626,0.442558430733685,0.31776088667505364,0.3257943113804467,0.16919166015623327,0.34014031549933593,0.09848569592789642,0.2425377018598991,0.029601668245283288
q50_x_high_variance,-0.06547270830616457,0.47438220084894483,0.1324407873513841,0.05061974099074788,0.05085418900345866,0.03574219763968294,0.07336226701835923,-0.1902940522384304,-0.10359062806165653,-0.2665452724347204,0.09212332629498012,0.08906836562101957,0.2982885622469855,-0.17720559716336937,-0.2505588095087992,-0.2784808931011401,0.006534172691011574,0.06871906018598536,0.09257604778507994,0.031513422208137076,-0.0018303423049769603,0.02568182558557675,0.09212332629498012,0.14387887830092674,0.02568182578963984,0.01065311602116181,0.11152275775881813,0.18256632221257643,,,,,,,,,,-0.026086436272283513,0.11585025529879704,0.28597865867498695,0.01065311602116181,0.06421095761481956,0.10487923414552022,0.04656893180853408,0.08711756433173302,0.08480993904061565,0.11469131410777458,0.03805687154193016,-0.11401094659983252,-0.1421862846520281,0.34829191158645084,-0.05805119111823219,0.13118469586080564,0.009066054692126967,0.004029436171856879,0.06095344238883378,0.0847786172000953,0.06095344238883378,,0.06095344238883378,-0.02385250021638893,1.0,-0.02540858549461579,,0.3512423123038839,0.03904191510292171,,0.31444129890656464,0.4964518377688298,0.13174365348957334,0.1028170866464197,0.05510829338049571,0.12254884960808808,0.14917948662356734,0.11299856654549749,0.06533233213490705
q50_x_extreme_variance,-0.18114590582975026,0.3733587366708633,0.25390454669254914,0.06248162904275948,0.05882661547832652,0.020763887622770677,0.12059692747798875,-0.1610747836542015,-0.0965397903288967,-0.25328967617313536,0.34843695347357034,0.13174881406201205,0.3515860760149911,-0.11691455401842878,-0.1692746186741392,-0.18725692016275855,-0.0008773414375763964,0.14915432762394015,0.0881031883216396,0.050384652312316015,-0.021520317046122013,0.08130483100345626,0.34843695347357034,0.18979800853415585,0.08130482959565452,0.2113120125198844,0.16885549868991076,0.11476729695212647,,,,,,,,,,-0.06006329519067919,0.25406548901558096,0.2797717202840936,0.2113120125198844,0.2297782894827085,0.345948103692137,-0.04021155558001831,0.03139656555519365,0.2063663543906394,0.2305121628902361,0.037221264647573235,-0.09551688246226785,-0.11912181280735101,-0.0729519826598371,0.4376927502291294,0.3292126720444321,0.3873524638865725,-0.03654125248669777,0.054393716057699965,0.07370613105681137,0.054393716057699965,,0.054393716057699965,-0.01998331324795225,-0.02540858549461579,1.0,,-0.06545052818603792,0.3231772600157601,,0.038748615291770074,0.24905490097596708,0.03565439521582225,-0.014684428056513632,-0.012190787977678226,0.022767424637887185,0.12152255629747157,0.006582547128573533,0.02618546932522231
q50_x_trending,,,,,,,,,,,,,,,,,,,,,,,,,,,,,,,,,,,,,,,,,,,,,,,,,,,,,,,,,,,,,,,,,,,,,,,,,,,,
spread_x_high_variance,-0.3406720609425754,0.06147629496912659,0.3240225428261674,0.0023268768682422414,0.012604038657049642,-0.005008271258843237,0.092015027242831,0.0028503551958660696,0.00730586178768871,-0.008117676482810022,0.2365344251511265,0.14115861056033074,0.011791179808540614,-0.0038341921902995406,-0.0035854505416803187,-0.004841926349986977,0.0034760360863782353,0.18718919442343324,0.01892817091159213,0.10587367524964947,-0.05849518299255247,0.013097020766942493,0.2365344251511265,0.25110069522970274,0.013097020941557949,0.027216369669734487,0.17957376090545005,0.026328254300985475,,,,,,,,,,-0.062203249867516484,0.38715444589184056,0.11437360274672181,0.027216369669734487,0.24127374226406295,0.3041429915724077,-0.1867467512121411,-0.13891490663428116,0.3326462017191996,0.33192015618379933,0.022734272724416568,-0.29368327786409965,-0.3662607441589891,0.897172712785927,-0.14953532621176302,0.33784910382054506,0.023353447530125197,-0.096024365010474,0.08199094370291936,0.07852032661785352,0.08199094370291936,,0.08199094370291936,-0.06144217426235792,0.3512423123038839,-0.06545052818603792,,1.0,0.016768621880118337,,0.15994543434862668,0.07301632741303488,-0.09800958989648972,-0.10929263371445247,-0.0613497919593504,-0.10443875653753082,0.07843137109178422,-0.013361014639134102,0.09202761250757113
vol_risk_x_abs_q50,-0.28734427024791653,0.13406580003274574,0.31702489705934456,0.05680581614259339,0.04971875879333867,-0.02341343633000617,0.12678855968283462,-0.13143612857844642,-0.14690797650213464,-0.12145520607461675,0.6357059265429128,0.14475919257845662,0.10173730637799341,-0.027383402537929435,-0.04047317077010507,-0.04445519600213281,-0.00022123358694626718,0.2402270213300828,0.044665977032502656,0.07508857093960442,-0.055048978731012006,0.1381856729398598,0.6357059265429128,0.20018029517798902,0.1381856710908478,0.886546239600222,0.1747886331341343,0.02500152969681164,,,,,,,,,,-0.05970543076197569,0.35237568348377096,0.21206137485677304,0.886546239600222,0.44783930380210707,0.6043272766824439,-0.06662497906062333,0.0018645016634268898,0.3424652125327691,0.2610734737253611,0.10314268038853007,-0.11766476972043537,-0.10757375423803833,0.011795162609060902,0.3396706894837958,0.5915090060510739,0.321377336058191,-0.023112334767814664,0.06737968101598217,0.08719567016467225,0.06737968101598217,,0.06737968101598217,-0.022762778735353466,0.03904191510292171,0.3231772600157601,,0.016768621880118337,1.0,,-4.255434837682765e-05,0.06502908135042781,-0.0008387866976462317,-0.02157917036513286,-0.010599065558014384,-0.0069695185411012585,0.0785881187009427,0.00380838079468505,0.0045388409193171135
enhanced_info_ratio_x_trending,,,,,,,,,,,,,,,,,,,,,,,,,,,,,,,,,,,,,,,,,,,,,,,,,,,,,,,,,,,,,,,,,,,,,,,,,,,,
signal_to_variance_ratio,-0.05019544839117658,0.4915476935801954,0.11139715523085901,0.03472274046860478,-0.011470770182486037,0.0760706481877343,-0.0653350934892121,-0.10385311857850968,-0.04841682362431126,-0.2013819059763944,-0.06916682666076078,-0.07095696444812293,0.24782573287834353,-0.17815961149910245,-0.27383676356389397,-0.30767583977160723,0.00019598709508866094,0.10159873195769475,0.11235340228470046,0.11830397889919553,0.00904939216234262,0.00476046546482188,-0.06916682666076078,0.008053632071530764,0.004760465473608031,-0.09504058936990473,-0.048857438740995816,0.2126326478617901,,,,,,,,,,0.022202054742564474,0.09464164689983685,0.92706722600752,-0.09504058936990473,0.013696835050260106,-0.017649662357983962,0.6535812935517131,0.5904555315155837,0.1057033182068782,0.056018914438038275,0.1105575157159749,-0.1308348361708357,0.0982696586215782,0.14195413631806839,-0.14988890810522587,-0.031197496022186223,-0.054620080626746635,0.49761054882403616,0.1740857948939908,0.30729114424070314,0.1740857948939908,,0.1740857948939908,0.17653547096414626,0.31444129890656464,0.038748615291770074,,0.15994543434862668,-4.255434837682765e-05,,1.0,0.5146241605815938,0.8969458047652982,0.7570366217910748,0.45976991630178915,0.8791156742077557,0.24536085580804923,0.48869819739775494,0.19498669398590823
variance_adjusted_signal,-0.030581612007533038,0.9883781410894638,0.15446339202296488,0.08347559619838935,0.08214100451593782,0.08042628577553096,0.04349620679527301,-0.29046295976039593,-0.15897417773371356,-0.4005546901959105,0.053560101662311566,0.0586160162424336,0.46738697115638195,-0.3958386563047388,-0.556163325970216,-0.61076260377008,0.003093135595226601,0.08800185936742574,0.20929031421154162,0.016330238495988324,0.03676342548015826,0.006653186469063652,0.053560101662311566,0.10256591215080169,0.0066531861060924935,0.00753162278207811,0.07101850817590243,0.47924681117180523,,,,,,,,,,-0.0034694736715290835,0.10880706050761778,0.5245872243913221,0.00753162278207811,0.06623068956696015,0.07851963136698735,0.3093471905106253,0.29037897087491366,0.06625872448878381,0.12182814895994698,0.07806925322491677,-0.08885505490334115,0.021800653914659993,0.057975242714294294,0.02282801261014981,0.06297231794657672,0.0602197231389547,0.3289003987668314,0.11751312754102379,0.1653551996556143,0.11751312754102379,,0.11751312754102379,0.442558430733685,0.4964518377688298,0.24905490097596708,,0.07301632741303488,0.06502908135042781,,0.5146241605815938,1.0,0.45722752463810734,0.4476791726223306,0.2377441335035868,0.468208220905671,0.29120475083654507,0.3197401410466404,0.1201072868872752
signal_rel,0.05912577694488366,0.44305746208047214,-0.0023677140416916826,0.03091711909131478,-0.023375848816264904,0.06781169614172557,-0.1503160200061529,-0.09667566736295016,-0.04880371032932551,-0.18340722546041924,-0.19759243087259873,-0.1980862690564284,0.22554131837278385,-0.1710440664181289,-0.2655781563491153,-0.2983188863580695,-0.002102659795422859,0.026156187674564433,0.10049762527265109,0.05451544920516375,0.020340157223222896,-0.020441186889964567,-0.19759243087259873,-0.18804303721031163,-0.020441187116074226,-0.10169052377282572,-0.20324691297692354,0.19336612833894537,,,,,,,,,,0.05367625787993496,-0.03537602457381093,0.8456903600809094,-0.10169052377282572,-0.0405232665221094,-0.1497904292355807,0.8199588991082903,0.6754344822002712,-0.008502922306550077,-0.05286136809835436,0.0934705570167705,0.1729368740956958,0.05041440293191665,-0.13343328652573563,-0.16857755099752195,-0.23444243983783727,-0.2141474568414094,0.623216297889999,0.13027612614582446,0.2609594019768016,0.13027612614582446,,0.13027612614582446,0.31776088667505364,0.13174365348957334,0.03565439521582225,,-0.09800958989648972,-0.0008387866976462317,,0.8969458047652982,0.45722752463810734,1.0,0.8723480364993476,0.5352326450316306,0.9924393753702546,0.19873824567159737,0.5293765491718684,0.1423105315531397
signal_tier,0.06432090106610713,0.42710909009546305,-0.007376190570224624,0.031212848275872722,-0.014487896270604981,0.07858646989473612,-0.13591132746145274,-0.0917319325503231,-0.04479544942643893,-0.1581072728846792,-0.18011834927846015,-0.1774733179374012,0.18522486655761666,-0.17044029151345452,-0.24080134207047324,-0.2685349940569948,-0.0007447459676757,0.027523724176460464,0.11285676357333965,0.05479068471271922,0.03214348542483131,-0.03100016568834134,-0.18011834927846015,-0.17585939209841625,-0.031000165875311344,-0.08331620616287327,-0.1870584053675621,0.19972998383075025,,,,,,,,,,0.052179343157226575,-0.04131970970047884,0.6940708054745371,-0.08331620616287327,-0.043550215740959186,-0.13835784736469425,0.7084752695055618,0.5628504510547596,-0.015604917175992376,-0.05586893425809495,0.08870150758434919,0.1695656290238104,0.047231275317997694,-0.1387366552302988,-0.1511588874208959,-0.21822285831237478,-0.19893732161236624,0.7384790441100515,0.1238258308883076,0.19023604965748736,0.1238258308883076,,0.1238258308883076,0.3257943113804467,0.1028170866464197,-0.014684428056513632,,-0.10929263371445247,-0.02157917036513286,,0.7570366217910748,0.4476791726223306,0.8723480364993476,1.0,0.6075762079408057,0.9131301230886375,0.18467986192352612,0.5104939994019602,0.13471882319952513
kelly_position_size,0.11810742816018004,0.2261526297031099,0.0462215680737871,0.08159638891065461,0.012800161847782448,0.05827181442686887,-0.06429340618683277,-0.037693742476348074,-0.01012080594369803,-0.060426414556861395,-0.09877899716166244,-0.09494669064051582,0.07888860768441082,-0.06945114760393924,-0.09496349781370969,-0.10457892253683741,-0.000987863445153768,0.04016021088378247,0.1115107717480021,0.037460924269639255,0.028267003597334927,-0.012774974350641111,-0.09877899716166244,-0.07642286356729908,-0.012774974364192133,-0.04366142066414583,-0.09656510657591369,0.2005068555706762,,,,,,,,,,0.031193631462261635,-0.04057178593367749,0.4226164495465836,-0.04366142066414583,-0.025447964382429963,-0.08110333099094205,0.4756629445305697,0.4249072386437994,0.07322497622157113,-0.1453281174347258,0.24990231852932204,0.10428106453829163,0.009854994778113716,-0.07283695593712,-0.07826805404314512,-0.1185468108812257,-0.11087101530830472,0.6095632490981857,0.3082511083238388,0.3529063041355166,0.3082511083238388,,0.3082511083238388,0.16919166015623327,0.05510829338049571,-0.012190787977678226,,-0.0613497919593504,-0.010599065558014384,,0.45976991630178915,0.2377441335035868,0.5352326450316306,0.6075762079408057,1.0,0.5717321052467761,0.35216548238424655,0.767257434465502,0.3175030902948968
signal_tanh,0.06282603442788863,0.4518551292568872,-0.003925559563033383,0.03210115031849582,-0.019883673548192028,0.07297136237138098,-0.14959213402941124,-0.09736356977196305,-0.0477783286667183,-0.1796518730759336,-0.19740359881114664,-0.19736009081020592,0.21837980431451354,-0.17434843872524425,-0.26417009020599697,-0.29614994587023596,-0.00213673113487311,0.027690538499995865,0.11048056862393973,0.0561151226863778,0.025147342732016683,-0.024457667069822307,-0.19740359881114664,-0.18985336853626683,-0.02445766730890188,-0.09846611622712743,-0.20407422642221065,0.20124607313463055,,,,,,,,,,0.05519016134227861,-0.03842256713417652,0.8234519267368291,-0.09846611622712743,-0.04227924428988031,-0.1502597733570212,0.8115929126273006,0.6621875965547825,-0.011095881315956695,-0.055492081225147934,0.09475341242108043,0.17980775995326467,0.04696327743431566,-0.13869088376275798,-0.16642730984323717,-0.23591080071755516,-0.2157466063898629,0.6825679033327986,0.13216217763947175,0.24612519035977182,0.13216217763947175,,0.13216217763947175,0.34014031549933593,0.12254884960808808,0.022767424637887185,,-0.10443875653753082,-0.0069695185411012585,,0.8791156742077557,0.468208220905671,0.9924393753702546,0.9131301230886375,0.5717321052467761,1.0,0.20054863816362903,0.5485880564150369,0.14412364893149063
side,0.019641609161545684,0.29536351971555797,0.3111237601744114,0.19910954298312553,0.053606349583351275,0.05395662234405963,0.033094224445667814,-0.0662187148032532,-0.034602559968228655,-0.07870893530075085,0.13243064545893807,0.03915699052165443,0.10623611865990717,-0.07592367634095729,-0.1096040406285243,-0.11605083736493874,0.0018214590937467856,0.1269789997898144,0.13726277065648665,0.059491810771524274,0.008126440586346059,0.03311086277783933,0.13243064545893807,0.1006531804224095,0.03311086268387347,0.06015394707175883,0.05359970624798002,0.19890560836146784,,,,,,,,,,-0.015153537354901029,0.17247599550835782,0.2753338221671892,0.06015394707175883,0.10906049353946452,0.16091658426841407,0.08609302532294362,0.09490833968170403,0.40311514377759644,-0.11597781818327497,0.5504723776919762,-0.12014306492101583,-0.0018751691572039004,0.06941077627121611,0.094035079779998,0.1370859266571906,0.1307509668662541,0.13663275731819147,0.9405840088048415,0.8711003556094656,0.9405840088048415,,0.9405840088048415,0.09848569592789642,0.14917948662356734,0.12152255629747157,,0.07843137109178422,0.0785881187009427,,0.24536085580804923,0.29120475083654507,0.19873824567159737,0.18467986192352612,0.35216548238424655,0.20054863816362903,1.0,0.5680469374052007,0.9302963278835066
signal_strength,0.10792332015776619,0.3071095364330556,0.05064596495577461,0.07885879317849966,0.02291511892027843,0.06983477005340102,-0.04781310882580514,-0.056025878718701835,-0.02074917324394952,-0.08330748155410425,-0.07044406101637239,-0.07262586196876265,0.1097310941733948,-0.09476821436928481,-0.13456880959493878,-0.1470059831221928,0.0007564745234540364,0.049251810419215475,0.1276852920217007,0.03566227414479956,0.0351859647785146,0.0025445285884347466,-0.07044406101637239,-0.04924013962011162,0.0025445285361361163,-0.03638206321335789,-0.07362436447682752,0.20890505746765708,,,,,,,,,,0.03609417975115522,-0.032106086589793414,0.4574918614601378,-0.03638206321335789,-0.027755427539135832,-0.06125838874148865,0.4746395939716371,0.4234406189734621,0.08568345107757043,-0.14415065657896248,0.26346344845096686,0.05831436364449626,-0.000577868082742866,-0.014924414062421988,-0.06823334005128312,-0.07531746480829839,-0.08110383524806819,0.46268872523543797,0.5175310123697583,0.57724494112607,0.5175310123697583,,0.5175310123697583,0.2425377018598991,0.11299856654549749,0.006582547128573533,,-0.013361014639134102,0.00380838079468505,,0.48869819739775494,0.3197401410466404,0.5293765491718684,0.5104939994019602,0.767257434465502,0.5485880564150369,0.5680469374052007,1.0,0.5281756239834253
position_size_suggestion,-0.019841790894784602,0.11510225273757434,0.1833015162234439,0.09868757410485172,0.02619215321207458,0.030729308988653826,0.008209063758279027,0.005961584441398336,0.01966245851562261,0.005449382715116779,0.05999983685389809,0.002736079766427759,0.017560423230157482,-0.013029616302796627,-0.020251757019445312,-0.017215097776464634,0.0009329641534075052,0.09675657093710513,0.08268247625325734,0.06401581156113097,0.009326457947883325,0.004371609053436516,0.05999983685389809,0.05819239950865224,0.0043716090443466585,-0.00666631195538096,0.017845383888548148,0.0877827492592521,,,,,,,,,,-0.012722839617672373,0.11966831725944423,0.1924670068466314,-0.00666631195538096,0.05474612736379328,0.08741120026679207,0.051570681529406255,0.05912862502073,0.36537685288390065,-0.1692731689004429,0.5332417835411737,-0.10949750048553945,0.006704398351837018,0.08716349889019323,0.0400935566465765,0.08310257273775178,0.08355064046451029,0.10043325020239822,0.9888747674911925,0.8804309818017888,0.9888747674911925,,0.9888747674911925,0.029601668245283288,0.06533233213490705,0.02618546932522231,,0.09202761250757113,0.0045388409193171135,,0.19498669398590823,0.1201072868872752,0.1423105315531397,0.13471882319952513,0.3175030902948968,0.14412364893149063,0.9302963278835066,0.5281756239834253,1.0
