datetime,datetime,fg_index,,,https://bitcoincounterflow.com/charts/fear-greed-index/
1517443200000,2018-02-01,30,,,https://newhedge.io/bitcoin/fear-and-greed-index
1517529600000,2018-02-02,15,,,
1517616000000,2018-02-03,40,,,
1517702400000,2018-02-04,24,,,
1517788800000,2018-02-05,11,,,
1517875200000,2018-02-06,8,,,
1517961600000,2018-02-07,36,,,
1518048000000,2018-02-08,30,,,
1518134400000,2018-02-09,44,,,
1518220800000,2018-02-10,54,,,
1518307200000,2018-02-11,31,,,
1518393600000,2018-02-12,42,,,
1518480000000,2018-02-13,35,,,
1518566400000,2018-02-14,55,,,
1518652800000,2018-02-15,71,,,
1518739200000,2018-02-16,67,,,
1518825600000,2018-02-17,74,,,
1518912000000,2018-02-18,63,,,
1518998400000,2018-02-19,67,,,
1519084800000,2018-02-20,74,,,
1519171200000,2018-02-21,54,,,
1519257600000,2018-02-22,44,,,
1519344000000,2018-02-23,39,,,
1519430400000,2018-02-24,31,,,
1519516800000,2018-02-25,33,,,
1519603200000,2018-02-26,37,,,
1519689600000,2018-02-27,44,,,
1519776000000,2018-02-28,41,,,
1519862400000,2018-03-01,38,,,
1519948800000,2018-03-02,47,,,
1520035200000,2018-03-03,56,,,
1520121600000,2018-03-04,44,,,
1520208000000,2018-03-05,55,,,
1520294400000,2018-03-06,59,,,
1520380800000,2018-03-07,37,,,
1520467200000,2018-03-08,39,,,
1520553600000,2018-03-09,37,,,
1520640000000,2018-03-10,39,,,
1520726400000,2018-03-11,40,,,
1520812800000,2018-03-12,41,,,
1520899200000,2018-03-13,41,,,
1520985600000,2018-03-14,40,,,
1521072000000,2018-03-15,32,,,
1521158400000,2018-03-16,33,,,
1521244800000,2018-03-17,31,,,
1521331200000,2018-03-18,29,,,
1521417600000,2018-03-19,29,,,
1521504000000,2018-03-20,37,,,
1521590400000,2018-03-21,36,,,
1521676800000,2018-03-22,36,,,
1521763200000,2018-03-23,28,,,
1521849600000,2018-03-24,32,,,
1521936000000,2018-03-25,30,,,
1522022400000,2018-03-26,31,,,
1522108800000,2018-03-27,24,,,
1522195200000,2018-03-28,24,,,
1522281600000,2018-03-29,18,,,
1522368000000,2018-03-30,12,,,
1522454400000,2018-03-31,16,,,
1522540800000,2018-04-01,16,,,
1522627200000,2018-04-02,11,,,
1522713600000,2018-04-03,22,,,
1522800000000,2018-04-04,22,,,
1522886400000,2018-04-05,17,,,
1522972800000,2018-04-06,19,,,
1523059200000,2018-04-07,20,,,
1523145600000,2018-04-08,17,,,
1523232000000,2018-04-09,21,,,
1523318400000,2018-04-10,18,,,
1523404800000,2018-04-11,20,,,
1523491200000,2018-04-12,18,,,
1523577600000,2018-04-13,23,,,
1523923200000,2018-04-17,26,,,
1524009600000,2018-04-18,24,,,
1524096000000,2018-04-19,25,,,
1524182400000,2018-04-20,26,,,
1524268800000,2018-04-21,32,,,
1524355200000,2018-04-22,31,,,
1524441600000,2018-04-23,28,,,
1524528000000,2018-04-24,29,,,
1524614400000,2018-04-25,64,,,
1524700800000,2018-04-26,47,,,
1524787200000,2018-04-27,55,,,
1524873600000,2018-04-28,54,,,
1524960000000,2018-04-29,61,,,
1525046400000,2018-04-30,59,,,
1525132800000,2018-05-01,56,,,
1525219200000,2018-05-02,52,,,
1525305600000,2018-05-03,55,,,
1525392000000,2018-05-04,56,,,
1525478400000,2018-05-05,63,,,
1525564800000,2018-05-06,67,,,
1525651200000,2018-05-07,56,,,
1525737600000,2018-05-08,62,,,
1525824000000,2018-05-09,53,,,
1525910400000,2018-05-10,63,,,
1525996800000,2018-05-11,41,,,
1526083200000,2018-05-12,44,,,
1526169600000,2018-05-13,40,,,
1526256000000,2018-05-14,40,,,
1526342400000,2018-05-15,40,,,
1526428800000,2018-05-16,32,,,
1526515200000,2018-05-17,31,,,
1526601600000,2018-05-18,37,,,
1526688000000,2018-05-19,31,,,
1526774400000,2018-05-20,32,,,
1526860800000,2018-05-21,41,,,
1526947200000,2018-05-22,30,,,
1527033600000,2018-05-23,26,,,
1527120000000,2018-05-24,27,,,
1527206400000,2018-05-25,25,,,
1527292800000,2018-05-26,23,,,
1527379200000,2018-05-27,19,,,
1527465600000,2018-05-28,22,,,
1527552000000,2018-05-29,16,,,
1527638400000,2018-05-30,38,,,
1527724800000,2018-05-31,25,,,
1527811200000,2018-06-01,24,,,
1527897600000,2018-06-02,27,,,
1527984000000,2018-06-03,40,,,
1528070400000,2018-06-04,41,,,
1528156800000,2018-06-05,26,,,
1528243200000,2018-06-06,42,,,
1528329600000,2018-06-07,38,,,
1528416000000,2018-06-08,40,,,
1528502400000,2018-06-09,39,,,
1528588800000,2018-06-10,24,,,
1528675200000,2018-06-11,15,,,
1528761600000,2018-06-12,19,,,
1528848000000,2018-06-13,19,,,
1528934400000,2018-06-14,17,,,
1529020800000,2018-06-15,26,,,
1529107200000,2018-06-16,22,,,
1529193600000,2018-06-17,23,,,
1529280000000,2018-06-18,27,,,
1529366400000,2018-06-19,32,,,
1529452800000,2018-06-20,34,,,
1529539200000,2018-06-21,37,,,
1529625600000,2018-06-22,28,,,
1529712000000,2018-06-23,17,,,
1529798400000,2018-06-24,15,,,
1529884800000,2018-06-25,16,,,
1529971200000,2018-06-26,21,,,
1530057600000,2018-06-27,18,,,
1530144000000,2018-06-28,20,,,
1530230400000,2018-06-29,16,,,
1530316800000,2018-06-30,22,,,
1530403200000,2018-07-01,27,,,
1530489600000,2018-07-02,27,,,
1530576000000,2018-07-03,31,,,
1530662400000,2018-07-04,33,,,
1530748800000,2018-07-05,37,,,
1530835200000,2018-07-06,34,,,
1530921600000,2018-07-07,34,,,
1531008000000,2018-07-08,38,,,
1531094400000,2018-07-09,39,,,
1531180800000,2018-07-10,37,,,
1531267200000,2018-07-11,29,,,
1531353600000,2018-07-12,33,,,
1531440000000,2018-07-13,29,,,
1531526400000,2018-07-14,29,,,
1531612800000,2018-07-15,32,,,
1531699200000,2018-07-16,36,,,
1531785600000,2018-07-17,39,,,
1531872000000,2018-07-18,42,,,
1531958400000,2018-07-19,44,,,
1532044800000,2018-07-20,47,,,
1532131200000,2018-07-21,43,,,
1532217600000,2018-07-22,46,,,
1532304000000,2018-07-23,44,,,
1532390400000,2018-07-24,49,,,
1532476800000,2018-07-25,54,,,
1532563200000,2018-07-26,53,,,
1532649600000,2018-07-27,47,,,
1532736000000,2018-07-28,54,,,
1532822400000,2018-07-29,54,,,
1532908800000,2018-07-30,53,,,
1532995200000,2018-07-31,48,,,
1533081600000,2018-08-01,39,,,
1533168000000,2018-08-02,39,,,
1533254400000,2018-08-03,36,,,
1533340800000,2018-08-04,31,,,
1533427200000,2018-08-05,23,,,
1533513600000,2018-08-06,25,,,
1533600000000,2018-08-07,25,,,
1533686400000,2018-08-08,23,,,
1533772800000,2018-08-09,19,,,
1533859200000,2018-08-10,21,,,
1533945600000,2018-08-11,18,,,
1534032000000,2018-08-12,18,,,
1534118400000,2018-08-13,21,,,
1534204800000,2018-08-14,16,,,
1534291200000,2018-08-15,18,,,
1534377600000,2018-08-16,21,,,
1534464000000,2018-08-17,19,,,
1534550400000,2018-08-18,24,,,
1534636800000,2018-08-19,27,,,
1534723200000,2018-08-20,26,,,
1534809600000,2018-08-21,19,,,
1534896000000,2018-08-22,21,,,
1534982400000,2018-08-23,18,,,
1535068800000,2018-08-24,19,,,
1535155200000,2018-08-25,22,,,
1535241600000,2018-08-26,19,,,
1535328000000,2018-08-27,18,,,
1535414400000,2018-08-28,19,,,
1535500800000,2018-08-29,19,,,
1535587200000,2018-08-30,22,,,
1535673600000,2018-08-31,17,,,
1535760000000,2018-09-01,21,,,
1535846400000,2018-09-02,18,,,
1535932800000,2018-09-03,19,,,
1536019200000,2018-09-04,26,,,
1536105600000,2018-09-05,17,,,
1536192000000,2018-09-06,14,,,
1536278400000,2018-09-07,17,,,
1536364800000,2018-09-08,18,,,
1536451200000,2018-09-09,13,,,
1536537600000,2018-09-10,15,,,
1536624000000,2018-09-11,18,,,
1536710400000,2018-09-12,14,,,
1536796800000,2018-09-13,20,,,
1536883200000,2018-09-14,23,,,
1536969600000,2018-09-15,24,,,
1537056000000,2018-09-16,28,,,
1537142400000,2018-09-17,25,,,
1537228800000,2018-09-18,21,,,
1537315200000,2018-09-19,24,,,
1537401600000,2018-09-20,24,,,
1537488000000,2018-09-21,31,,,
1537574400000,2018-09-22,35,,,
1537660800000,2018-09-23,38,,,
1537747200000,2018-09-24,43,,,
1537833600000,2018-09-25,37,,,
1537920000000,2018-09-26,37,,,
1538006400000,2018-09-27,42,,,
1538092800000,2018-09-28,42,,,
1538179200000,2018-09-29,37,,,
1538265600000,2018-09-30,34,,,
1538352000000,2018-10-01,35,,,
1538438400000,2018-10-02,33,,,
1538524800000,2018-10-03,36,,,
1538611200000,2018-10-04,29,,,
1538697600000,2018-10-05,37,,,
1538784000000,2018-10-06,34,,,
1538870400000,2018-10-07,29,,,
1538956800000,2018-10-08,26,,,
1539043200000,2018-10-09,31,,,
1539129600000,2018-10-10,28,,,
1539216000000,2018-10-11,19,,,
1539302400000,2018-10-12,13,,,
1539388800000,2018-10-13,15,,,
1539475200000,2018-10-14,18,,,
1539561600000,2018-10-15,20,,,
1539648000000,2018-10-16,24,,,
1539734400000,2018-10-17,23,,,
1539820800000,2018-10-18,26,,,
1539907200000,2018-10-19,24,,,
1539993600000,2018-10-20,21,,,
1540080000000,2018-10-21,21,,,
1540166400000,2018-10-22,27,,,
1540252800000,2018-10-23,24,,,
1540339200000,2018-10-24,23,,,
1540425600000,2018-10-25,25,,,
1540512000000,2018-10-26,29,,,
1540598400000,2018-10-27,33,,,
1540684800000,2018-10-28,35,,,
1540771200000,2018-10-29,34,,,
1540857600000,2018-10-30,31,,,
1540944000000,2018-10-31,32,,,
1541030400000,2018-11-01,29,,,
1541116800000,2018-11-02,36,,,
1541203200000,2018-11-03,36,,,
1541289600000,2018-11-04,41,,,
1541376000000,2018-11-05,42,,,
1541462400000,2018-11-06,42,,,
1541548800000,2018-11-07,48,,,
1541635200000,2018-11-08,51,,,
1541721600000,2018-11-09,47,,,
1541808000000,2018-11-10,52,,,
1541894400000,2018-11-11,54,,,
1541980800000,2018-11-12,52,,,
1542067200000,2018-11-13,56,,,
1542153600000,2018-11-14,49,,,
1542240000000,2018-11-15,28,,,
1542326400000,2018-11-16,23,,,
1542412800000,2018-11-17,24,,,
1542499200000,2018-11-18,26,,,
1542585600000,2018-11-19,28,,,
1542672000000,2018-11-20,21,,,
1542758400000,2018-11-21,15,,,
1542844800000,2018-11-22,14,,,
1542931200000,2018-11-23,12,,,
1543017600000,2018-11-24,15,,,
1543104000000,2018-11-25,9,,,
1543190400000,2018-11-26,17,,,
1543276800000,2018-11-27,11,,,
1543363200000,2018-11-28,14,,,
1543449600000,2018-11-29,18,,,
1543536000000,2018-11-30,19,,,
1543622400000,2018-12-01,13,,,
1543708800000,2018-12-02,15,,,
1543795200000,2018-12-03,17,,,
1543881600000,2018-12-04,12,,,
1543968000000,2018-12-05,19,,,
1544054400000,2018-12-06,13,,,
1544140800000,2018-12-07,11,,,
1544227200000,2018-12-08,11,,,
1544313600000,2018-12-09,14,,,
1544400000000,2018-12-10,19,,,
1544486400000,2018-12-11,15,,,
1544572800000,2018-12-12,14,,,
1544659200000,2018-12-13,14,,,
1544745600000,2018-12-14,10,,,
1544832000000,2018-12-15,11,,,
1544918400000,2018-12-16,13,,,
1545004800000,2018-12-17,17,,,
1545091200000,2018-12-18,23,,,
1545177600000,2018-12-19,21,,,
1545264000000,2018-12-20,27,,,
1545350400000,2018-12-21,35,,,
1545436800000,2018-12-22,28,,,
1545523200000,2018-12-23,31,,,
1545609600000,2018-12-24,25,,,
1545696000000,2018-12-25,33,,,
1545782400000,2018-12-26,26,,,
1545868800000,2018-12-27,29,,,
1545955200000,2018-12-28,21,,,
1546041600000,2018-12-29,24,,,
1546128000000,2018-12-30,23,,,
1546214400000,2018-12-31,26,,,
1546300800000,2019-01-01,24,,,
1546387200000,2019-01-02,30,,,
1546473600000,2019-01-03,33,,,
1546560000000,2019-01-04,48,,,
1546646400000,2019-01-05,36,,,
1546732800000,2019-01-06,31,,,
1546819200000,2019-01-07,39,,,
1546905600000,2019-01-08,39,,,
1546992000000,2019-01-09,42,,,
1547078400000,2019-01-10,37,,,
1547164800000,2019-01-11,19,,,
1547251200000,2019-01-12,22,,,
1547337600000,2019-01-13,21,,,
1547424000000,2019-01-14,16,,,
1547510400000,2019-01-15,27,,,
1547596800000,2019-01-16,24,,,
1547683200000,2019-01-17,28,,,
1547769600000,2019-01-18,29,,,
1547856000000,2019-01-19,31,,,
1547942400000,2019-01-20,35,,,
1548028800000,2019-01-21,30,,,
1548115200000,2019-01-22,27,,,
1548201600000,2019-01-23,33,,,
1548288000000,2019-01-24,37,,,
1548374400000,2019-01-25,35,,,
1548460800000,2019-01-26,41,,,
1548547200000,2019-01-27,39,,,
1548633600000,2019-01-28,35,,,
1548720000000,2019-01-29,21,,,
1548806400000,2019-01-30,22,,,
1548892800000,2019-01-31,17,,,
1548979200000,2019-02-01,23,,,
1549065600000,2019-02-02,22,,,
1549152000000,2019-02-03,19,,,
1549238400000,2019-02-04,27,,,
1549324800000,2019-02-05,21,,,
1549411200000,2019-02-06,14,,,
1549497600000,2019-02-07,18,,,
1549584000000,2019-02-08,37,,,
1549670400000,2019-02-09,42,,,
1549756800000,2019-02-10,40,,,
1549843200000,2019-02-11,46,,,
1549929600000,2019-02-12,38,,,
1550016000000,2019-02-13,48,,,
1550102400000,2019-02-14,48,,,
1550188800000,2019-02-15,43,,,
1550275200000,2019-02-16,43,,,
1550361600000,2019-02-17,38,,,
1550448000000,2019-02-18,63,,,
1550534400000,2019-02-19,65,,,
1550620800000,2019-02-20,59,,,
1550707200000,2019-02-21,59,,,
1550793600000,2019-02-22,61,,,
1550880000000,2019-02-23,63,,,
1550966400000,2019-02-24,69,,,
1551052800000,2019-02-25,47,,,
1551139200000,2019-02-26,40,,,
1551225600000,2019-02-27,39,,,
1551312000000,2019-02-28,39,,,
1551398400000,2019-03-01,42,,,
1551484800000,2019-03-02,41,,,
1551571200000,2019-03-03,44,,,
1551657600000,2019-03-04,36,,,
1551744000000,2019-03-05,35,,,
1551830400000,2019-03-06,42,,,
1551916800000,2019-03-07,56,,,
1552003200000,2019-03-08,54,,,
1552089600000,2019-03-09,55,,,
1552176000000,2019-03-10,55,,,
1552262400000,2019-03-11,56,,,
1552348800000,2019-03-12,56,,,
1552435200000,2019-03-13,54,,,
1552521600000,2019-03-14,55,,,
1552608000000,2019-03-15,55,,,
1552694400000,2019-03-16,54,,,
1552780800000,2019-03-17,58,,,
1552867200000,2019-03-18,56,,,
1552953600000,2019-03-19,56,,,
1553040000000,2019-03-20,55,,,
1553126400000,2019-03-21,62,,,
1553212800000,2019-03-22,56,,,
1553299200000,2019-03-23,50,,,
1553385600000,2019-03-24,44,,,
1553472000000,2019-03-25,46,,,
1553558400000,2019-03-26,43,,,
1553644800000,2019-03-27,44,,,
1553731200000,2019-03-28,49,,,
1553817600000,2019-03-29,50,,,
1553904000000,2019-03-30,57,,,
1553990400000,2019-03-31,56,,,
1554076800000,2019-04-01,62,,,
1554163200000,2019-04-02,60,,,
1554249600000,2019-04-03,71,,,
1554336000000,2019-04-04,61,,,
1554422400000,2019-04-05,59,,,
1554508800000,2019-04-06,65,,,
1554595200000,2019-04-07,69,,,
1554681600000,2019-04-08,65,,,
1554768000000,2019-04-09,64,,,
1554854400000,2019-04-10,62,,,
1554940800000,2019-04-11,65,,,
1555027200000,2019-04-12,42,,,
1555113600000,2019-04-13,62,,,
1555200000000,2019-04-14,51,,,
1555286400000,2019-04-15,60,,,
1555372800000,2019-04-16,50,,,
1555459200000,2019-04-17,61,,,
1555545600000,2019-04-18,64,,,
1555632000000,2019-04-19,61,,,
1555718400000,2019-04-20,62,,,
1555804800000,2019-04-21,62,,,
1555891200000,2019-04-22,61,,,
1555977600000,2019-04-23,68,,,
1556064000000,2019-04-24,65,,,
1556150400000,2019-04-25,58,,,
1556236800000,2019-04-26,41,,,
1556323200000,2019-04-27,42,,,
1556409600000,2019-04-28,40,,,
1556496000000,2019-04-29,42,,,
1556582400000,2019-04-30,42,,,
1556668800000,2019-05-01,51,,,
1556755200000,2019-05-02,50,,,
1556841600000,2019-05-03,63,,,
1556928000000,2019-05-04,66,,,
1557014400000,2019-05-05,67,,,
1557100800000,2019-05-06,57,,,
1557187200000,2019-05-07,69,,,
1557273600000,2019-05-08,63,,,
1557360000000,2019-05-09,69,,,
1557446400000,2019-05-10,71,,,
1557532800000,2019-05-11,76,,,
1557619200000,2019-05-12,75,,,
1557705600000,2019-05-13,78,,,
1557792000000,2019-05-14,78,,,
1557878400000,2019-05-15,77,,,
1557964800000,2019-05-16,75,,,
1558051200000,2019-05-17,65,,,
1558137600000,2019-05-18,67,,,
1558224000000,2019-05-19,70,,,
1558310400000,2019-05-20,73,,,
1558396800000,2019-05-21,68,,,
1558483200000,2019-05-22,69,,,
1558569600000,2019-05-23,65,,,
1558656000000,2019-05-24,64,,,
1558742400000,2019-05-25,69,,,
1558828800000,2019-05-26,67,,,
1558915200000,2019-05-27,70,,,
1559001600000,2019-05-28,71,,,
1559088000000,2019-05-29,71,,,
1559174400000,2019-05-30,73,,,
1559260800000,2019-05-31,61,,,
1559347200000,2019-06-01,62,,,
1559433600000,2019-06-02,63,,,
1559520000000,2019-06-03,66,,,
1559606400000,2019-06-04,42,,,
1559692800000,2019-06-05,27,,,
1559779200000,2019-06-06,34,,,
1559865600000,2019-06-07,27,,,
1559952000000,2019-06-08,62,,,
1560038400000,2019-06-09,62,,,
1560124800000,2019-06-10,46,,,
1560211200000,2019-06-11,61,,,
1560297600000,2019-06-12,60,,,
1560384000000,2019-06-13,63,,,
1560470400000,2019-06-14,67,,,
1560556800000,2019-06-15,75,,,
1560643200000,2019-06-16,80,,,
1560729600000,2019-06-17,84,,,
1560816000000,2019-06-18,83,,,
1560902400000,2019-06-19,82,,,
1560988800000,2019-06-20,81,,,
1561075200000,2019-06-21,84,,,
1561161600000,2019-06-22,83,,,
1561248000000,2019-06-23,84,,,
1561334400000,2019-06-24,80,,,
1561420800000,2019-06-25,87,,,
1561507200000,2019-06-26,95,,,
1561593600000,2019-06-27,92,,,
1561680000000,2019-06-28,62,,,
1561766400000,2019-06-29,74,,,
1561852800000,2019-06-30,78,,,
1561939200000,2019-07-01,65,,,
1562025600000,2019-07-02,63,,,
1562112000000,2019-07-03,79,,,
1562198400000,2019-07-04,76,,,
1562284800000,2019-07-05,67,,,
1562371200000,2019-07-06,72,,,
1562457600000,2019-07-07,67,,,
1562544000000,2019-07-08,74,,,
1562630400000,2019-07-09,84,,,
1562716800000,2019-07-10,83,,,
1562803200000,2019-07-11,62,,,
1562889600000,2019-07-12,33,,,
1562976000000,2019-07-13,65,,,
1563062400000,2019-07-14,61,,,
1563148800000,2019-07-15,16,,,
1563235200000,2019-07-16,34,,,
1563321600000,2019-07-17,19,,,
1563408000000,2019-07-18,40,,,
1563494400000,2019-07-19,42,,,
1563580800000,2019-07-20,34,,,
1563667200000,2019-07-21,42,,,
1563753600000,2019-07-22,42,,,
1563840000000,2019-07-23,40,,,
1563926400000,2019-07-24,20,,,
1564012800000,2019-07-25,42,,,
1564099200000,2019-07-26,24,,,
1564185600000,2019-07-27,47,,,
1564272000000,2019-07-28,16,,,
1564358400000,2019-07-29,19,,,
1564444800000,2019-07-30,22,,,
1564531200000,2019-07-31,31,,,
1564617600000,2019-08-01,57,,,
1564704000000,2019-08-02,61,,,
1564790400000,2019-08-03,61,,,
1564876800000,2019-08-04,62,,,
1564963200000,2019-08-05,64,,,
1565049600000,2019-08-06,66,,,
1565136000000,2019-08-07,45,,,
1565222400000,2019-08-08,61,,,
1565308800000,2019-08-09,60,,,
1565395200000,2019-08-10,59,,,
1565481600000,2019-08-11,45,,,
1565568000000,2019-08-12,48,,,
1565654400000,2019-08-13,45,,,
1565740800000,2019-08-14,11,,,
1565827200000,2019-08-15,13,,,
1565913600000,2019-08-16,31,,,
1566000000000,2019-08-17,20,,,
1566086400000,2019-08-18,14,,,
1566172800000,2019-08-19,30,,,
1566259200000,2019-08-20,39,,,
1566345600000,2019-08-21,11,,,
1566432000000,2019-08-22,5,,,
1566518400000,2019-08-23,33,,,
1566604800000,2019-08-24,39,,,
1566691200000,2019-08-25,33,,,
1566777600000,2019-08-26,41,,,
1566864000000,2019-08-27,30,,,
1566950400000,2019-08-28,32,,,
1567036800000,2019-08-29,20,,,
1567123200000,2019-08-30,24,,,
1567209600000,2019-08-31,20,,,
1567296000000,2019-09-01,24,,,
1567382400000,2019-09-02,28,,,
1567468800000,2019-09-03,41,,,
1567555200000,2019-09-04,43,,,
1567641600000,2019-09-05,41,,,
1567728000000,2019-09-06,43,,,
1567814400000,2019-09-07,39,,,
1567900800000,2019-09-08,43,,,
1567987200000,2019-09-09,41,,,
1568073600000,2019-09-10,41,,,
1568160000000,2019-09-11,38,,,
1568246400000,2019-09-12,39,,,
1568332800000,2019-09-13,38,,,
1568419200000,2019-09-14,39,,,
1568505600000,2019-09-15,38,,,
1568592000000,2019-09-16,38,,,
1568678400000,2019-09-17,41,,,
1568764800000,2019-09-18,38,,,
1568851200000,2019-09-19,31,,,
1568937600000,2019-09-20,41,,,
1569024000000,2019-09-21,37,,,
1569110400000,2019-09-22,37,,,
1569196800000,2019-09-23,41,,,
1569283200000,2019-09-24,39,,,
1569369600000,2019-09-25,15,,,
1569456000000,2019-09-26,12,,,
1569542400000,2019-09-27,24,,,
1569628800000,2019-09-28,32,,,
1569715200000,2019-09-29,33,,,
1569801600000,2019-09-30,27,,,
1569888000000,2019-10-01,38,,,
1569974400000,2019-10-02,39,,,
1570060800000,2019-10-03,37,,,
1570147200000,2019-10-04,30,,,
1570233600000,2019-10-05,31,,,
1570320000000,2019-10-06,32,,,
1570406400000,2019-10-07,27,,,
1570492800000,2019-10-08,39,,,
1570579200000,2019-10-09,37,,,
1570665600000,2019-10-10,41,,,
1570752000000,2019-10-11,39,,,
1570838400000,2019-10-12,38,,,
1570924800000,2019-10-13,38,,,
1571011200000,2019-10-14,37,,,
1571097600000,2019-10-15,39,,,
1571184000000,2019-10-16,40,,,
1571270400000,2019-10-17,40,,,
1571356800000,2019-10-18,40,,,
1571443200000,2019-10-19,41,,,
1571529600000,2019-10-20,37,,,
1571616000000,2019-10-21,37,,,
1571702400000,2019-10-22,39,,,
1571788800000,2019-10-23,33,,,
1571875200000,2019-10-24,20,,,
1571961600000,2019-10-25,24,,,
1572048000000,2019-10-26,53,,,
1572134400000,2019-10-27,50,,,
1572220800000,2019-10-28,52,,,
1572307200000,2019-10-29,54,,,
1572393600000,2019-10-30,53,,,
1572480000000,2019-10-31,50,,,
1572566400000,2019-11-01,49,,,
1572652800000,2019-11-02,51,,,
1572739200000,2019-11-03,56,,,
1572825600000,2019-11-04,49,,,
1572912000000,2019-11-05,54,,,
1572998400000,2019-11-06,53,,,
1573084800000,2019-11-07,54,,,
1573171200000,2019-11-08,42,,,
1573257600000,2019-11-09,38,,,
1573344000000,2019-11-10,39,,,
1573430400000,2019-11-11,40,,,
1573516800000,2019-11-12,39,,,
1573603200000,2019-11-13,38,,,
1573689600000,2019-11-14,41,,,
1573776000000,2019-11-15,38,,,
1573862400000,2019-11-16,41,,,
1573948800000,2019-11-17,38,,,
1574035200000,2019-11-18,38,,,
1574121600000,2019-11-19,32,,,
1574208000000,2019-11-20,32,,,
1574294400000,2019-11-21,30,,,
1574380800000,2019-11-22,20,,,
1574467200000,2019-11-23,23,,,
1574553600000,2019-11-24,21,,,
1574640000000,2019-11-25,17,,,
1574726400000,2019-11-26,21,,,
1574812800000,2019-11-27,20,,,
1574899200000,2019-11-28,32,,,
1574985600000,2019-11-29,31,,,
1575072000000,2019-11-30,38,,,
1575158400000,2019-12-01,25,,,
1575244800000,2019-12-02,28,,,
1575331200000,2019-12-03,28,,,
1575417600000,2019-12-04,24,,,
1575504000000,2019-12-05,21,,,
1575590400000,2019-12-06,29,,,
1575676800000,2019-12-07,32,,,
1575763200000,2019-12-08,28,,,
1575849600000,2019-12-09,32,,,
1575936000000,2019-12-10,26,,,
1576022400000,2019-12-11,20,,,
1576108800000,2019-12-12,23,,,
1576195200000,2019-12-13,22,,,
1576281600000,2019-12-14,27,,,
1576368000000,2019-12-15,21,,,
1576454400000,2019-12-16,24,,,
1576540800000,2019-12-17,23,,,
1576627200000,2019-12-18,15,,,
1576713600000,2019-12-19,21,,,
1576800000000,2019-12-20,23,,,
1576886400000,2019-12-21,23,,,
1576972800000,2019-12-22,20,,,
1577059200000,2019-12-23,33,,,
1577145600000,2019-12-24,25,,,
1577232000000,2019-12-25,22,,,
1577318400000,2019-12-26,39,,,
1577404800000,2019-12-27,38,,,
1577491200000,2019-12-28,37,,,
1577577600000,2019-12-29,37,,,
1577664000000,2019-12-30,40,,,
1577750400000,2019-12-31,38,,,
1577836800000,2020-01-01,37,,,
1577923200000,2020-01-02,39,,,
1578009600000,2020-01-03,38,,,
1578096000000,2020-01-04,38,,,
1578182400000,2020-01-05,39,,,
1578268800000,2020-01-06,41,,,
1578355200000,2020-01-07,40,,,
1578441600000,2020-01-08,51,,,
1578528000000,2020-01-09,44,,,
1578614400000,2020-01-10,41,,,
1578700800000,2020-01-11,50,,,
1578787200000,2020-01-12,45,,,
1578873600000,2020-01-13,49,,,
1578960000000,2020-01-14,56,,,
1579046400000,2020-01-15,54,,,
1579132800000,2020-01-16,55,,,
1579219200000,2020-01-17,54,,,
1579305600000,2020-01-18,51,,,
1579392000000,2020-01-19,53,,,
1579478400000,2020-01-20,48,,,
1579564800000,2020-01-21,49,,,
1579651200000,2020-01-22,52,,,
1579737600000,2020-01-23,49,,,
1579824000000,2020-01-24,40,,,
1579910400000,2020-01-25,41,,,
1579996800000,2020-01-26,42,,,
1580083200000,2020-01-27,50,,,
1580169600000,2020-01-28,54,,,
1580256000000,2020-01-29,57,,,
1580342400000,2020-01-30,57,,,
1580428800000,2020-01-31,55,,,
1580515200000,2020-02-01,57,,,
1580601600000,2020-02-02,57,,,
1580688000000,2020-02-03,59,,,
1580774400000,2020-02-04,56,,,
1580860800000,2020-02-05,53,,,
1580947200000,2020-02-06,61,,,
1581033600000,2020-02-07,56,,,
1581120000000,2020-02-08,56,,,
1581206400000,2020-02-09,56,,,
1581292800000,2020-02-10,57,,,
1581379200000,2020-02-11,52,,,
1581465600000,2020-02-12,61,,,
1581552000000,2020-02-13,65,,,
1581638400000,2020-02-14,63,,,
1581724800000,2020-02-15,64,,,
1581811200000,2020-02-16,59,,,
1581897600000,2020-02-17,49,,,
1581984000000,2020-02-18,53,,,
1582070400000,2020-02-19,50,,,
1582156800000,2020-02-20,44,,,
1582243200000,2020-02-21,44,,,
1582329600000,2020-02-22,43,,,
1582416000000,2020-02-23,46,,,
1582502400000,2020-02-24,46,,,
1582588800000,2020-02-25,44,,,
1582675200000,2020-02-26,41,,,
1582761600000,2020-02-27,39,,,
1582848000000,2020-02-28,40,,,
1582934400000,2020-02-29,38,,,
1583020800000,2020-03-01,39,,,
1583107200000,2020-03-02,38,,,
1583193600000,2020-03-03,38,,,
1583280000000,2020-03-04,40,,,
1583366400000,2020-03-05,41,,,
1583452800000,2020-03-06,39,,,
1583539200000,2020-03-07,38,,,
1583625600000,2020-03-08,33,,,
1583712000000,2020-03-09,17,,,
1583798400000,2020-03-10,16,,,
1583884800000,2020-03-11,17,,,
1583971200000,2020-03-12,14,,,
1584057600000,2020-03-13,10,,,
1584144000000,2020-03-14,8,,,
1584230400000,2020-03-15,12,,,
1584316800000,2020-03-16,9,,,
1584403200000,2020-03-17,8,,,
1584489600000,2020-03-18,11,,,
1584576000000,2020-03-19,12,,,
1584662400000,2020-03-20,9,,,
1584748800000,2020-03-21,9,,,
1584835200000,2020-03-22,11,,,
1584921600000,2020-03-23,10,,,
1585008000000,2020-03-24,12,,,
1585094400000,2020-03-25,13,,,
1585180800000,2020-03-26,14,,,
1585267200000,2020-03-27,12,,,
1585353600000,2020-03-28,8,,,
1585440000000,2020-03-29,12,,,
1585526400000,2020-03-30,10,,,
1585612800000,2020-03-31,12,,,
1585699200000,2020-04-01,12,,,
1585785600000,2020-04-02,14,,,
1585872000000,2020-04-03,14,,,
1585958400000,2020-04-04,12,,,
1586044800000,2020-04-05,12,,,
1586131200000,2020-04-06,12,,,
1586217600000,2020-04-07,20,,,
1586304000000,2020-04-08,21,,,
1586390400000,2020-04-09,22,,,
1586476800000,2020-04-10,15,,,
1586563200000,2020-04-11,15,,,
1586649600000,2020-04-12,10,,,
1586736000000,2020-04-13,11,,,
1586822400000,2020-04-14,15,,,
1586908800000,2020-04-15,18,,,
1586995200000,2020-04-16,13,,,
1587081600000,2020-04-17,15,,,
1587168000000,2020-04-18,18,,,
1587254400000,2020-04-19,16,,,
1587340800000,2020-04-20,15,,,
1587427200000,2020-04-21,17,,,
1587513600000,2020-04-22,19,,,
1587600000000,2020-04-23,19,,,
1587686400000,2020-04-24,20,,,
1587772800000,2020-04-25,24,,,
1587859200000,2020-04-26,21,,,
1587945600000,2020-04-27,28,,,
1588032000000,2020-04-28,26,,,
1588118400000,2020-04-29,26,,,
1588204800000,2020-04-30,44,,,
1588291200000,2020-05-01,40,,,
1588377600000,2020-05-02,40,,,
1588464000000,2020-05-03,45,,,
1588550400000,2020-05-04,44,,,
1588636800000,2020-05-05,40,,,
1588723200000,2020-05-06,42,,,
1588809600000,2020-05-07,49,,,
1588896000000,2020-05-08,55,,,
1588982400000,2020-05-09,56,,,
1589068800000,2020-05-10,48,,,
1589155200000,2020-05-11,40,,,
1589241600000,2020-05-12,39,,,
1589328000000,2020-05-13,41,,,
1589414400000,2020-05-14,40,,,
1589500800000,2020-05-15,44,,,
1589587200000,2020-05-16,41,,,
1589673600000,2020-05-17,40,,,
1589760000000,2020-05-18,50,,,
1589846400000,2020-05-19,50,,,
1589932800000,2020-05-20,52,,,
1590019200000,2020-05-21,49,,,
1590105600000,2020-05-22,42,,,
1590192000000,2020-05-23,40,,,
1590278400000,2020-05-24,43,,,
1590364800000,2020-05-25,41,,,
1590451200000,2020-05-26,39,,,
1590537600000,2020-05-27,39,,,
1590624000000,2020-05-28,41,,,
1590710400000,2020-05-29,48,,,
1590796800000,2020-05-30,48,,,
1590883200000,2020-05-31,51,,,
1590969600000,2020-06-01,50,,,
1591056000000,2020-06-02,56,,,
1591142400000,2020-06-03,48,,,
1591228800000,2020-06-04,54,,,
1591315200000,2020-06-05,53,,,
1591401600000,2020-06-06,54,,,
1591488000000,2020-06-07,54,,,
1591574400000,2020-06-08,53,,,
1591660800000,2020-06-09,52,,,
1591747200000,2020-06-10,54,,,
1591833600000,2020-06-11,52,,,
1591920000000,2020-06-12,38,,,
1592006400000,2020-06-13,38,,,
1592092800000,2020-06-14,40,,,
1592179200000,2020-06-15,37,,,
1592265600000,2020-06-16,39,,,
1592352000000,2020-06-17,38,,,
1592438400000,2020-06-18,40,,,
1592524800000,2020-06-19,39,,,
1592611200000,2020-06-20,38,,,
1592697600000,2020-06-21,37,,,
1592784000000,2020-06-22,38,,,
1592870400000,2020-06-23,41,,,
1592956800000,2020-06-24,50,,,
1593043200000,2020-06-25,43,,,
1593129600000,2020-06-26,40,,,
1593216000000,2020-06-27,43,,,
1593302400000,2020-06-28,40,,,
1593388800000,2020-06-29,41,,,
1593475200000,2020-06-30,44,,,
1593561600000,2020-07-01,42,,,
1593648000000,2020-07-02,42,,,
1593734400000,2020-07-03,41,,,
1593820800000,2020-07-04,40,,,
1593907200000,2020-07-05,38,,,
1593993600000,2020-07-06,40,,,
1594080000000,2020-07-07,43,,,
1594166400000,2020-07-08,44,,,
1594252800000,2020-07-09,44,,,
1594339200000,2020-07-10,41,,,
1594425600000,2020-07-11,44,,,
1594512000000,2020-07-12,41,,,
1594598400000,2020-07-13,43,,,
1594684800000,2020-07-14,43,,,
1594771200000,2020-07-15,44,,,
1594857600000,2020-07-16,43,,,
1594944000000,2020-07-17,41,,,
1595030400000,2020-07-18,44,,,
1595116800000,2020-07-19,41,,,
1595203200000,2020-07-20,44,,,
1595289600000,2020-07-21,44,,,
1595376000000,2020-07-22,50,,,
1595462400000,2020-07-23,55,,,
1595548800000,2020-07-24,53,,,
1595635200000,2020-07-25,55,,,
1595721600000,2020-07-26,55,,,
1595808000000,2020-07-27,58,,,
1595894400000,2020-07-28,76,,,
1595980800000,2020-07-29,71,,,
1596067200000,2020-07-30,76,,,
1596153600000,2020-07-31,75,,,
1596240000000,2020-08-01,75,,,
1596326400000,2020-08-02,80,,,
1596412800000,2020-08-03,75,,,
1596499200000,2020-08-04,72,,,
1596585600000,2020-08-05,75,,,
1596672000000,2020-08-06,79,,,
1596758400000,2020-08-07,77,,,
1596844800000,2020-08-08,77,,,
1596931200000,2020-08-09,79,,,
1597017600000,2020-08-10,78,,,
1597104000000,2020-08-11,84,,,
1597190400000,2020-08-12,75,,,
1597276800000,2020-08-13,75,,,
1597363200000,2020-08-14,78,,,
1597449600000,2020-08-15,79,,,
1597536000000,2020-08-16,82,,,
1597622400000,2020-08-17,83,,,
1597708800000,2020-08-18,82,,,
1597795200000,2020-08-19,80,,,
1597881600000,2020-08-20,75,,,
1597968000000,2020-08-21,81,,,
1598054400000,2020-08-22,78,,,
1598140800000,2020-08-23,76,,,
1598227200000,2020-08-24,78,,,
1598313600000,2020-08-25,75,,,
1598400000000,2020-08-26,76,,,
1598486400000,2020-08-27,75,,,
1598572800000,2020-08-28,74,,,
1598659200000,2020-08-29,79,,,
1598745600000,2020-08-30,75,,,
1598832000000,2020-08-31,75,,,
1598918400000,2020-09-01,75,,,
1599004800000,2020-09-02,83,,,
1599091200000,2020-09-03,79,,,
1599177600000,2020-09-04,40,,,
1599264000000,2020-09-05,41,,,
1599350400000,2020-09-06,41,,,
1599436800000,2020-09-07,41,,,
1599523200000,2020-09-08,41,,,
1599609600000,2020-09-09,38,,,
1599696000000,2020-09-10,38,,,
1599782400000,2020-09-11,41,,,
1599868800000,2020-09-12,41,,,
1599955200000,2020-09-13,38,,,
1600041600000,2020-09-14,39,,,
1600128000000,2020-09-15,47,,,
1600214400000,2020-09-16,43,,,
1600300800000,2020-09-17,48,,,
1600387200000,2020-09-18,49,,,
1600473600000,2020-09-19,48,,,
1600560000000,2020-09-20,52,,,
1600646400000,2020-09-21,48,,,
1600732800000,2020-09-22,39,,,
1600819200000,2020-09-23,43,,,
1600905600000,2020-09-24,39,,,
1600992000000,2020-09-25,46,,,
1601078400000,2020-09-26,45,,,
1601164800000,2020-09-27,47,,,
1601251200000,2020-09-28,43,,,
1601337600000,2020-09-29,45,,,
1601424000000,2020-09-30,49,,,
1601510400000,2020-10-01,45,,,
1601596800000,2020-10-02,41,,,
1601683200000,2020-10-03,40,,,
1601769600000,2020-10-04,42,,,
1601856000000,2020-10-05,42,,,
1601942400000,2020-10-06,47,,,
1602028800000,2020-10-07,43,,,
1602115200000,2020-10-08,46,,,
1602201600000,2020-10-09,48,,,
1602288000000,2020-10-10,53,,,
1602374400000,2020-10-11,55,,,
1602460800000,2020-10-12,52,,,
1602547200000,2020-10-13,56,,,
1602633600000,2020-10-14,53,,,
1602720000000,2020-10-15,56,,,
1602806400000,2020-10-16,52,,,
1602892800000,2020-10-17,56,,,
1602979200000,2020-10-18,55,,,
1603065600000,2020-10-19,55,,,
1603152000000,2020-10-20,56,,,
1603238400000,2020-10-21,61,,,
1603324800000,2020-10-22,73,,,
1603411200000,2020-10-23,74,,,
1603497600000,2020-10-24,73,,,
1603584000000,2020-10-25,76,,,
1603670400000,2020-10-26,75,,,
1603756800000,2020-10-27,61,,,
1603843200000,2020-10-28,70,,,
1603929600000,2020-10-29,67,,,
1604016000000,2020-10-30,74,,,
1604102400000,2020-10-31,73,,,
1604188800000,2020-11-01,72,,,
1604275200000,2020-11-02,71,,,
1604361600000,2020-11-03,71,,,
1604448000000,2020-11-04,74,,,
1604534400000,2020-11-05,72,,,
1604620800000,2020-11-06,90,,,
1604707200000,2020-11-07,88,,,
1604793600000,2020-11-08,82,,,
1604880000000,2020-11-09,90,,,
1604966400000,2020-11-10,90,,,
1605052800000,2020-11-11,86,,,
1605139200000,2020-11-12,87,,,
1605225600000,2020-11-13,89,,,
1605312000000,2020-11-14,90,,,
1605398400000,2020-11-15,86,,,
1605484800000,2020-11-16,90,,,
1605571200000,2020-11-17,86,,,
1605657600000,2020-11-18,91,,,
1605744000000,2020-11-19,94,,,
1605830400000,2020-11-20,86,,,
1605916800000,2020-11-21,91,,,
1606003200000,2020-11-22,94,,,
1606089600000,2020-11-23,90,,,
1606176000000,2020-11-24,88,,,
1606262400000,2020-11-25,94,,,
1606348800000,2020-11-26,93,,,
1606435200000,2020-11-27,86,,,
1606521600000,2020-11-28,87,,,
1606608000000,2020-11-29,89,,,
1606694400000,2020-11-30,88,,,
1606780800000,2020-12-01,95,,,
1606867200000,2020-12-02,92,,,
1606953600000,2020-12-03,92,,,
1607040000000,2020-12-04,92,,,
1607126400000,2020-12-05,93,,,
1607212800000,2020-12-06,95,,,
1607299200000,2020-12-07,94,,,
1607385600000,2020-12-08,95,,,
1607472000000,2020-12-09,86,,,
1607558400000,2020-12-10,94,,,
1607644800000,2020-12-11,89,,,
1607731200000,2020-12-12,90,,,
1607817600000,2020-12-13,91,,,
1607904000000,2020-12-14,95,,,
1607990400000,2020-12-15,91,,,
1608076800000,2020-12-16,92,,,
1608163200000,2020-12-17,92,,,
1608249600000,2020-12-18,95,,,
1608336000000,2020-12-19,93,,,
1608422400000,2020-12-20,92,,,
1608508800000,2020-12-21,92,,,
1608595200000,2020-12-22,88,,,
1608681600000,2020-12-23,93,,,
1608768000000,2020-12-24,86,,,
1608854400000,2020-12-25,94,,,
1608940800000,2020-12-26,93,,,
1609027200000,2020-12-27,91,,,
1609113600000,2020-12-28,92,,,
1609200000000,2020-12-29,91,,,
1609286400000,2020-12-30,91,,,
1609372800000,2020-12-31,95,,,
1609459200000,2021-01-01,94,,,
1609545600000,2021-01-02,94,,,
1609632000000,2021-01-03,93,,,
1609718400000,2021-01-04,94,,,
1609804800000,2021-01-05,93,,,
1609891200000,2021-01-06,95,,,
1609977600000,2021-01-07,91,,,
1610064000000,2021-01-08,93,,,
1610150400000,2021-01-09,93,,,
1610236800000,2021-01-10,94,,,
1610323200000,2021-01-11,90,,,
1610409600000,2021-01-12,84,,,
1610496000000,2021-01-13,78,,,
1610582400000,2021-01-14,83,,,
1610668800000,2021-01-15,88,,,
1610755200000,2021-01-16,84,,,
1610841600000,2021-01-17,79,,,
1610928000000,2021-01-18,79,,,
1611014400000,2021-01-19,80,,,
1611100800000,2021-01-20,78,,,
1611187200000,2021-01-21,75,,,
1611273600000,2021-01-22,40,,,
1611360000000,2021-01-23,74,,,
1611446400000,2021-01-24,70,,,
1611532800000,2021-01-25,74,,,
1611619200000,2021-01-26,71,,,
1611705600000,2021-01-27,78,,,
1611792000000,2021-01-28,55,,,
1611878400000,2021-01-29,77,,,
1611964800000,2021-01-30,76,,,
1612051200000,2021-01-31,78,,,
1612137600000,2021-02-01,77,,,
1612224000000,2021-02-02,76,,,
1612310400000,2021-02-03,78,,,
1612396800000,2021-02-04,80,,,
1612483200000,2021-02-05,81,,,
1612569600000,2021-02-06,84,,,
1612656000000,2021-02-07,86,,,
1612742400000,2021-02-08,83,,,
1612828800000,2021-02-09,95,,,
1612915200000,2021-02-10,92,,,
1613001600000,2021-02-11,93,,,
1613088000000,2021-02-12,92,,,
1613174400000,2021-02-13,92,,,
1613260800000,2021-02-14,95,,,
1613347200000,2021-02-15,93,,,
1613433600000,2021-02-16,95,,,
1613520000000,2021-02-17,95,,,
1613606400000,2021-02-18,91,,,
1613692800000,2021-02-19,93,,,
1613779200000,2021-02-20,91,,,
1613865600000,2021-02-21,91,,,
1613952000000,2021-02-22,94,,,
1614038400000,2021-02-23,94,,,
1614124800000,2021-02-24,76,,,
1614211200000,2021-02-25,79,,,
1614297600000,2021-02-26,55,,,
1614384000000,2021-02-27,56,,,
1614470400000,2021-02-28,55,,,
1614556800000,2021-03-01,38,,,
1614643200000,2021-03-02,78,,,
1614729600000,2021-03-03,78,,,
1614816000000,2021-03-04,84,,,
1614902400000,2021-03-05,77,,,
1614988800000,2021-03-06,77,,,
1615075200000,2021-03-07,76,,,
1615161600000,2021-03-08,81,,,
1615248000000,2021-03-09,81,,,
1615334400000,2021-03-10,68,,,
1615420800000,2021-03-11,73,,,
1615507200000,2021-03-12,70,,,
1615593600000,2021-03-13,74,,,
1615680000000,2021-03-14,78,,,
1615766400000,2021-03-15,76,,,
1615852800000,2021-03-16,71,,,
1615939200000,2021-03-17,71,,,
1616025600000,2021-03-18,72,,,
1616112000000,2021-03-19,71,,,
1616198400000,2021-03-20,75,,,
1616284800000,2021-03-21,73,,,
1616371200000,2021-03-22,70,,,
1616457600000,2021-03-23,66,,,
1616544000000,2021-03-24,65,,,
1616630400000,2021-03-25,60,,,
1616716800000,2021-03-26,54,,,
1616803200000,2021-03-27,65,,,
1616889600000,2021-03-28,74,,,
1616976000000,2021-03-29,72,,,
1617062400000,2021-03-30,72,,,
1617148800000,2021-03-31,76,,,
1617235200000,2021-04-01,74,,,
1617321600000,2021-04-02,74,,,
1617408000000,2021-04-03,73,,,
1617494400000,2021-04-04,74,,,
1617580800000,2021-04-05,71,,,
1617667200000,2021-04-06,75,,,
1617753600000,2021-04-07,72,,,
1617840000000,2021-04-08,73,,,
1617926400000,2021-04-09,70,,,
1618012800000,2021-04-10,70,,,
1618099200000,2021-04-11,76,,,
1618185600000,2021-04-12,74,,,
1618272000000,2021-04-13,74,,,
1618358400000,2021-04-14,75,,,
1618444800000,2021-04-15,79,,,
1618531200000,2021-04-16,78,,,
1618617600000,2021-04-17,76,,,
1618704000000,2021-04-18,79,,,
1618790400000,2021-04-19,74,,,
1618876800000,2021-04-20,73,,,
1618963200000,2021-04-21,73,,,
1619049600000,2021-04-22,65,,,
1619136000000,2021-04-23,55,,,
1619222400000,2021-04-24,37,,,
1619308800000,2021-04-25,31,,,
1619395200000,2021-04-26,27,,,
1619481600000,2021-04-27,50,,,
1619568000000,2021-04-28,59,,,
1619654400000,2021-04-29,52,,,
1619740800000,2021-04-30,51,,,
1619827200000,2021-05-01,68,,,
1619913600000,2021-05-02,66,,,
1620000000000,2021-05-03,61,,,
1620086400000,2021-05-04,68,,,
1620172800000,2021-05-05,48,,,
1620259200000,2021-05-06,65,,,
1620345600000,2021-05-07,64,,,
1620432000000,2021-05-08,67,,,
1620518400000,2021-05-09,73,,,
1620604800000,2021-05-10,72,,,
1620691200000,2021-05-11,61,,,
1620777600000,2021-05-12,68,,,
1620864000000,2021-05-13,31,,,
1620950400000,2021-05-14,26,,,
1621036800000,2021-05-15,27,,,
1621123200000,2021-05-16,20,,,
1621209600000,2021-05-17,27,,,
1621296000000,2021-05-18,21,,,
1621382400000,2021-05-19,23,,,
1621468800000,2021-05-20,11,,,
1621555200000,2021-05-21,19,,,
1621641600000,2021-05-22,12,,,
1621728000000,2021-05-23,14,,,
1621814400000,2021-05-24,10,,,
1621900800000,2021-05-25,22,,,
1621987200000,2021-05-26,22,,,
1622073600000,2021-05-27,27,,,
1622160000000,2021-05-28,21,,,
1622246400000,2021-05-29,18,,,
1622332800000,2021-05-30,10,,,
1622419200000,2021-05-31,18,,,
1622505600000,2021-06-01,20,,,
1622592000000,2021-06-02,23,,,
1622678400000,2021-06-03,24,,,
1622764800000,2021-06-04,27,,,
1622851200000,2021-06-05,24,,,
1622937600000,2021-06-06,17,,,
1623024000000,2021-06-07,15,,,
1623110400000,2021-06-08,13,,,
1623196800000,2021-06-09,14,,,
1623283200000,2021-06-10,21,,,
1623369600000,2021-06-11,21,,,
1623456000000,2021-06-12,28,,,
1623542400000,2021-06-13,23,,,
1623628800000,2021-06-14,28,,,
1623715200000,2021-06-15,38,,,
1623801600000,2021-06-16,33,,,
1623888000000,2021-06-17,26,,,
1623974400000,2021-06-18,25,,,
1624060800000,2021-06-19,23,,,
1624147200000,2021-06-20,21,,,
1624233600000,2021-06-21,23,,,
1624320000000,2021-06-22,10,,,
1624406400000,2021-06-23,14,,,
1624492800000,2021-06-24,22,,,
1624579200000,2021-06-25,27,,,
1624665600000,2021-06-26,20,,,
1624752000000,2021-06-27,22,,,
1624838400000,2021-06-28,25,,,
1624924800000,2021-06-29,25,,,
1625011200000,2021-06-30,28,,,
1625097600000,2021-07-01,28,,,
1625184000000,2021-07-02,21,,,
1625270400000,2021-07-03,24,,,
1625356800000,2021-07-04,27,,,
1625443200000,2021-07-05,29,,,
1625529600000,2021-07-06,20,,,
1625616000000,2021-07-07,28,,,
1625702400000,2021-07-08,20,,,
1625788800000,2021-07-09,20,,,
1625875200000,2021-07-10,20,,,
1625961600000,2021-07-11,20,,,
1626048000000,2021-07-12,25,,,
1626134400000,2021-07-13,20,,,
1626220800000,2021-07-14,21,,,
1626307200000,2021-07-15,20,,,
1626393600000,2021-07-16,22,,,
1626480000000,2021-07-17,15,,,
1626566400000,2021-07-18,19,,,
1626652800000,2021-07-19,24,,,
1626739200000,2021-07-20,19,,,
1626825600000,2021-07-21,10,,,
1626912000000,2021-07-22,21,,,
1626998400000,2021-07-23,23,,,
1627084800000,2021-07-24,22,,,
1627171200000,2021-07-25,27,,,
1627257600000,2021-07-26,26,,,
1627344000000,2021-07-27,32,,,
1627430400000,2021-07-28,50,,,
1627516800000,2021-07-29,50,,,
1627603200000,2021-07-30,53,,,
1627689600000,2021-07-31,60,,,
1627776000000,2021-08-01,60,,,
1627862400000,2021-08-02,48,,,
1627948800000,2021-08-03,48,,,
1628035200000,2021-08-04,42,,,
1628121600000,2021-08-05,50,,,
1628208000000,2021-08-06,52,,,
1628294400000,2021-08-07,69,,,
1628380800000,2021-08-08,74,,,
1628467200000,2021-08-09,65,,,
1628553600000,2021-08-10,71,,,
1628640000000,2021-08-11,70,,,
1628726400000,2021-08-12,70,,,
1628812800000,2021-08-13,70,,,
1628899200000,2021-08-14,76,,,
1628985600000,2021-08-15,71,,,
1629072000000,2021-08-16,72,,,
1629158400000,2021-08-17,72,,,
1629244800000,2021-08-18,73,,,
1629331200000,2021-08-19,70,,,
1629417600000,2021-08-20,70,,,
1629504000000,2021-08-21,78,,,
1629590400000,2021-08-22,76,,,
1629676800000,2021-08-23,79,,,
1629763200000,2021-08-24,79,,,
1629849600000,2021-08-25,73,,,
1629936000000,2021-08-26,75,,,
1630022400000,2021-08-27,71,,,
1630108800000,2021-08-28,78,,,
1630195200000,2021-08-29,72,,,
1630281600000,2021-08-30,73,,,
1630368000000,2021-08-31,73,,,
1630454400000,2021-09-01,71,,,
1630540800000,2021-09-02,74,,,
1630627200000,2021-09-03,74,,,
1630713600000,2021-09-04,72,,,
1630800000000,2021-09-05,73,,,
1630886400000,2021-09-06,79,,,
1630972800000,2021-09-07,79,,,
1631059200000,2021-09-08,47,,,
1631145600000,2021-09-09,45,,,
1631232000000,2021-09-10,46,,,
1631318400000,2021-09-11,31,,,
1631404800000,2021-09-12,32,,,
1631491200000,2021-09-13,44,,,
1631577600000,2021-09-14,30,,,
1631664000000,2021-09-15,49,,,
1631750400000,2021-09-16,53,,,
1631836800000,2021-09-17,48,,,
1631923200000,2021-09-18,50,,,
1632009600000,2021-09-19,53,,,
1632096000000,2021-09-20,50,,,
1632182400000,2021-09-21,27,,,
1632268800000,2021-09-22,21,,,
1632355200000,2021-09-23,27,,,
1632441600000,2021-09-24,33,,,
1632528000000,2021-09-25,28,,,
1632614400000,2021-09-26,27,,,
1632700800000,2021-09-27,26,,,
1632787200000,2021-09-28,25,,,
1632873600000,2021-09-29,24,,,
1632960000000,2021-09-30,20,,,
1633046400000,2021-10-01,27,,,
1633132800000,2021-10-02,54,,,
1633219200000,2021-10-03,49,,,
1633305600000,2021-10-04,54,,,
1633392000000,2021-10-05,59,,,
1633478400000,2021-10-06,68,,,
1633564800000,2021-10-07,76,,,
1633651200000,2021-10-08,74,,,
1633737600000,2021-10-09,72,,,
1633824000000,2021-10-10,71,,,
1633910400000,2021-10-11,71,,,
1633996800000,2021-10-12,78,,,
1634083200000,2021-10-13,70,,,
1634169600000,2021-10-14,70,,,
1634256000000,2021-10-15,71,,,
1634342400000,2021-10-16,78,,,
1634428800000,2021-10-17,79,,,
1634515200000,2021-10-18,78,,,
1634601600000,2021-10-19,75,,,
1634688000000,2021-10-20,82,,,
1634774400000,2021-10-21,84,,,
1634860800000,2021-10-22,75,,,
1634947200000,2021-10-23,74,,,
1635033600000,2021-10-24,73,,,
1635120000000,2021-10-25,72,,,
1635206400000,2021-10-26,76,,,
1635292800000,2021-10-27,73,,,
1635379200000,2021-10-28,66,,,
1635465600000,2021-10-29,70,,,
1635552000000,2021-10-30,73,,,
1635638400000,2021-10-31,74,,,
1635724800000,2021-11-01,74,,,
1635811200000,2021-11-02,73,,,
1635897600000,2021-11-03,76,,,
1635984000000,2021-11-04,73,,,
1636070400000,2021-11-05,73,,,
1636156800000,2021-11-06,71,,,
1636243200000,2021-11-07,73,,,
1636329600000,2021-11-08,75,,,
1636416000000,2021-11-09,84,,,
1636502400000,2021-11-10,75,,,
1636588800000,2021-11-11,77,,,
1636675200000,2021-11-12,74,,,
1636761600000,2021-11-13,72,,,
1636848000000,2021-11-14,74,,,
1636934400000,2021-11-15,72,,,
1637020800000,2021-11-16,71,,,
1637107200000,2021-11-17,52,,,
1637193600000,2021-11-18,54,,,
1637280000000,2021-11-19,34,,,
1637366400000,2021-11-20,43,,,
1637452800000,2021-11-21,49,,,
1637539200000,2021-11-22,50,,,
1637625600000,2021-11-23,33,,,
1637712000000,2021-11-24,42,,,
1637798400000,2021-11-25,32,,,
1637884800000,2021-11-26,47,,,
1637971200000,2021-11-27,21,,,
1638057600000,2021-11-28,27,,,
1638144000000,2021-11-29,33,,,
1638230400000,2021-11-30,40,,,
1638316800000,2021-12-01,34,,,
1638403200000,2021-12-02,32,,,
1638489600000,2021-12-03,31,,,
1638576000000,2021-12-04,25,,,
1638662400000,2021-12-05,18,,,
1638748800000,2021-12-06,16,,,
1638835200000,2021-12-07,25,,,
1638921600000,2021-12-08,28,,,
1639008000000,2021-12-09,29,,,
1639094400000,2021-12-10,24,,,
1639180800000,2021-12-11,16,,,
1639267200000,2021-12-12,27,,,
1639353600000,2021-12-13,28,,,
1639440000000,2021-12-14,21,,,
1639526400000,2021-12-15,28,,,
1639612800000,2021-12-16,29,,,
1639699200000,2021-12-17,23,,,
1639785600000,2021-12-18,24,,,
1639872000000,2021-12-19,29,,,
1639958400000,2021-12-20,25,,,
1640044800000,2021-12-21,27,,,
1640131200000,2021-12-22,45,,,
1640217600000,2021-12-23,34,,,
1640304000000,2021-12-24,41,,,
1640390400000,2021-12-25,39,,,
1640476800000,2021-12-26,37,,,
1640563200000,2021-12-27,40,,,
1640649600000,2021-12-28,41,,,
1640736000000,2021-12-29,27,,,
1640822400000,2021-12-30,22,,,
1640908800000,2021-12-31,28,,,
1640995200000,2022-01-01,21,,,
1641081600000,2022-01-02,29,,,
1641168000000,2022-01-03,29,,,
1641254400000,2022-01-04,23,,,
1641340800000,2022-01-05,24,,,
1641427200000,2022-01-06,15,,,
1641513600000,2022-01-07,18,,,
1641600000000,2022-01-08,10,,,
1641686400000,2022-01-09,23,,,
1641772800000,2022-01-10,23,,,
1641859200000,2022-01-11,21,,,
1641945600000,2022-01-12,22,,,
1642032000000,2022-01-13,21,,,
1642118400000,2022-01-14,21,,,
1642204800000,2022-01-15,23,,,
1642291200000,2022-01-16,21,,,
1642377600000,2022-01-17,22,,,
1642464000000,2022-01-18,24,,,
1642550400000,2022-01-19,24,,,
1642636800000,2022-01-20,24,,,
1642723200000,2022-01-21,19,,,
1642809600000,2022-01-22,13,,,
1642896000000,2022-01-23,11,,,
1642982400000,2022-01-24,13,,,
1643068800000,2022-01-25,12,,,
1643155200000,2022-01-26,23,,,
1643241600000,2022-01-27,20,,,
1643328000000,2022-01-28,24,,,
1643414400000,2022-01-29,24,,,
1643500800000,2022-01-30,29,,,
1643587200000,2022-01-31,20,,,
1643673600000,2022-02-01,26,,,
1643760000000,2022-02-02,28,,,
1643846400000,2022-02-03,20,,,
1643932800000,2022-02-04,20,,,
1644019200000,2022-02-05,33,,,
1644105600000,2022-02-06,37,,,
1644192000000,2022-02-07,45,,,
1644278400000,2022-02-08,48,,,
1644364800000,2022-02-09,54,,,
1644451200000,2022-02-10,50,,,
1644537600000,2022-02-11,50,,,
1644624000000,2022-02-12,44,,,
1644710400000,2022-02-13,44,,,
1644796800000,2022-02-14,46,,,
1644883200000,2022-02-15,46,,,
1644969600000,2022-02-16,51,,,
1645056000000,2022-02-17,52,,,
1645142400000,2022-02-18,30,,,
1645228800000,2022-02-19,25,,,
1645315200000,2022-02-20,27,,,
1645401600000,2022-02-21,25,,,
1645488000000,2022-02-22,20,,,
1645574400000,2022-02-23,25,,,
1645660800000,2022-02-24,23,,,
1645747200000,2022-02-25,27,,,
1645833600000,2022-02-26,26,,,
1645920000000,2022-02-27,26,,,
1646006400000,2022-02-28,20,,,
1646092800000,2022-03-01,51,,,
1646179200000,2022-03-02,52,,,
1646265600000,2022-03-03,39,,,
1646352000000,2022-03-04,33,,,
1646438400000,2022-03-05,22,,,
1646524800000,2022-03-06,22,,,
1646611200000,2022-03-07,23,,,
1646697600000,2022-03-08,21,,,
1646784000000,2022-03-09,22,,,
1646870400000,2022-03-10,28,,,
1646956800000,2022-03-11,22,,,
1647043200000,2022-03-12,22,,,
1647129600000,2022-03-13,21,,,
1647216000000,2022-03-14,23,,,
1647302400000,2022-03-15,21,,,
1647388800000,2022-03-16,24,,,
1647475200000,2022-03-17,27,,,
1647561600000,2022-03-18,25,,,
1647648000000,2022-03-19,28,,,
1647734400000,2022-03-20,31,,,
1647820800000,2022-03-21,30,,,
1647907200000,2022-03-22,26,,,
1647993600000,2022-03-23,31,,,
1648080000000,2022-03-24,40,,,
1648166400000,2022-03-25,47,,,
1648252800000,2022-03-26,51,,,
1648339200000,2022-03-27,49,,,
1648425600000,2022-03-28,60,,,
1648512000000,2022-03-29,56,,,
1648598400000,2022-03-30,55,,,
1648684800000,2022-03-31,52,,,
1648771200000,2022-04-01,50,,,
1648857600000,2022-04-02,52,,,
1648944000000,2022-04-03,48,,,
1649030400000,2022-04-04,52,,,
1649116800000,2022-04-05,53,,,
1649203200000,2022-04-06,48,,,
1649289600000,2022-04-07,34,,,
1649376000000,2022-04-08,37,,,
1649462400000,2022-04-09,30,,,
1649548800000,2022-04-10,34,,,
1649635200000,2022-04-11,32,,,
1649721600000,2022-04-12,20,,,
1649808000000,2022-04-13,25,,,
1649894400000,2022-04-14,28,,,
1649980800000,2022-04-15,22,,,
1650067200000,2022-04-16,28,,,
1650153600000,2022-04-17,28,,,
1650240000000,2022-04-18,24,,,
1650326400000,2022-04-19,27,,,
1650412800000,2022-04-20,27,,,
1650499200000,2022-04-21,27,,,
1650585600000,2022-04-22,26,,,
1650672000000,2022-04-23,24,,,
1650758400000,2022-04-24,24,,,
1650844800000,2022-04-25,23,,,
1650931200000,2022-04-26,27,,,
1651017600000,2022-04-27,21,,,
1651104000000,2022-04-28,24,,,
1651190400000,2022-04-29,23,,,
1651276800000,2022-04-30,20,,,
1651363200000,2022-05-01,22,,,
1651449600000,2022-05-02,28,,,
1651536000000,2022-05-03,27,,,
1651622400000,2022-05-04,21,,,
1651708800000,2022-05-05,27,,,
1651795200000,2022-05-06,22,,,
1651881600000,2022-05-07,23,,,
1651968000000,2022-05-08,18,,,
1652054400000,2022-05-09,11,,,
1652140800000,2022-05-10,10,,,
1652227200000,2022-05-11,12,,,
1652313600000,2022-05-12,12,,,
1652400000000,2022-05-13,10,,,
1652486400000,2022-05-14,9,,,
1652572800000,2022-05-15,10,,,
1652659200000,2022-05-16,14,,,
1652745600000,2022-05-17,8,,,
1652832000000,2022-05-18,12,,,
1652918400000,2022-05-19,13,,,
1653004800000,2022-05-20,13,,,
1653091200000,2022-05-21,13,,,
1653177600000,2022-05-22,14,,,
1653264000000,2022-05-23,10,,,
1653350400000,2022-05-24,12,,,
1653436800000,2022-05-25,11,,,
1653523200000,2022-05-26,12,,,
1653609600000,2022-05-27,12,,,
1653696000000,2022-05-28,13,,,
1653782400000,2022-05-29,14,,,
1653868800000,2022-05-30,10,,,
1653955200000,2022-05-31,16,,,
1654041600000,2022-06-01,17,,,
1654128000000,2022-06-02,13,,,
1654214400000,2022-06-03,10,,,
1654300800000,2022-06-04,14,,,
1654387200000,2022-06-05,10,,,
1654473600000,2022-06-06,13,,,
1654560000000,2022-06-07,15,,,
1654646400000,2022-06-08,17,,,
1654732800000,2022-06-09,11,,,
1654819200000,2022-06-10,13,,,
1654905600000,2022-06-11,12,,,
1654992000000,2022-06-12,14,,,
1655078400000,2022-06-13,11,,,
1655164800000,2022-06-14,8,,,
1655251200000,2022-06-15,7,,,
1655337600000,2022-06-16,7,,,
1655424000000,2022-06-17,9,,,
1655510400000,2022-06-18,6,,,
1655596800000,2022-06-19,6,,,
1655683200000,2022-06-20,9,,,
1655769600000,2022-06-21,9,,,
1655856000000,2022-06-22,11,,,
1655942400000,2022-06-23,11,,,
1656028800000,2022-06-24,11,,,
1656115200000,2022-06-25,14,,,
1656201600000,2022-06-26,14,,,
1656288000000,2022-06-27,12,,,
1656374400000,2022-06-28,10,,,
1656460800000,2022-06-29,13,,,
1656547200000,2022-06-30,11,,,
1656633600000,2022-07-01,11,,,
1656720000000,2022-07-02,14,,,
1656806400000,2022-07-03,11,,,
1656892800000,2022-07-04,14,,,
1656979200000,2022-07-05,19,,,
1657065600000,2022-07-06,18,,,
1657152000000,2022-07-07,18,,,
1657238400000,2022-07-08,20,,,
1657324800000,2022-07-09,24,,,
1657411200000,2022-07-10,24,,,
1657497600000,2022-07-11,22,,,
1657584000000,2022-07-12,16,,,
1657670400000,2022-07-13,15,,,
1657756800000,2022-07-14,18,,,
1657843200000,2022-07-15,15,,,
1657929600000,2022-07-16,21,,,
1658016000000,2022-07-17,24,,,
1658102400000,2022-07-18,20,,,
1658188800000,2022-07-19,30,,,
1658275200000,2022-07-20,31,,,
1658361600000,2022-07-21,34,,,
1658448000000,2022-07-22,33,,,
1658534400000,2022-07-23,31,,,
1658620800000,2022-07-24,30,,,
1658707200000,2022-07-25,30,,,
1658793600000,2022-07-26,26,,,
1658880000000,2022-07-27,28,,,
1658966400000,2022-07-28,32,,,
1659052800000,2022-07-29,39,,,
1659139200000,2022-07-30,42,,,
1659225600000,2022-07-31,39,,,
1659312000000,2022-08-01,33,,,
1659398400000,2022-08-02,31,,,
1659484800000,2022-08-03,34,,,
1659571200000,2022-08-04,30,,,
1659657600000,2022-08-05,31,,,
1659744000000,2022-08-06,31,,,
1659830400000,2022-08-07,30,,,
1659916800000,2022-08-08,30,,,
1660003200000,2022-08-09,42,,,
1660089600000,2022-08-10,31,,,
1660176000000,2022-08-11,41,,,
1660262400000,2022-08-12,42,,,
1660348800000,2022-08-13,46,,,
1660435200000,2022-08-14,47,,,
1660521600000,2022-08-15,45,,,
1660608000000,2022-08-16,44,,,
1660694400000,2022-08-17,41,,,
1660780800000,2022-08-18,30,,,
1660867200000,2022-08-19,33,,,
1660953600000,2022-08-20,29,,,
1661040000000,2022-08-21,27,,,
1661126400000,2022-08-22,29,,,
1661212800000,2022-08-23,28,,,
1661299200000,2022-08-24,25,,,
1661385600000,2022-08-25,25,,,
1661472000000,2022-08-26,27,,,
1661558400000,2022-08-27,28,,,
1661644800000,2022-08-28,28,,,
1661731200000,2022-08-29,24,,,
1661817600000,2022-08-30,27,,,
1661904000000,2022-08-31,23,,,
1661990400000,2022-09-01,20,,,
1662076800000,2022-09-02,25,,,
1662163200000,2022-09-03,21,,,
1662249600000,2022-09-04,20,,,
1662336000000,2022-09-05,23,,,
1662422400000,2022-09-06,22,,,
1662508800000,2022-09-07,24,,,
1662595200000,2022-09-08,20,,,
1662681600000,2022-09-09,22,,,
1662768000000,2022-09-10,28,,,
1662854400000,2022-09-11,26,,,
1662940800000,2022-09-12,25,,,
1663027200000,2022-09-13,34,,,
1663113600000,2022-09-14,27,,,
1663200000000,2022-09-15,28,,,
1663286400000,2022-09-16,20,,,
1663372800000,2022-09-17,22,,,
1663459200000,2022-09-18,27,,,
1663545600000,2022-09-19,21,,,
1663632000000,2022-09-20,23,,,
1663718400000,2022-09-21,23,,,
1663804800000,2022-09-22,22,,,
1663891200000,2022-09-23,20,,,
1663977600000,2022-09-24,24,,,
1664064000000,2022-09-25,24,,,
1664150400000,2022-09-26,21,,,
1664236800000,2022-09-27,20,,,
1664323200000,2022-09-28,20,,,
1664409600000,2022-09-29,22,,,
1664496000000,2022-09-30,21,,,
1664582400000,2022-10-01,20,,,
1664668800000,2022-10-02,24,,,
1664755200000,2022-10-03,24,,,
1664841600000,2022-10-04,20,,,
1664928000000,2022-10-05,25,,,
1665014400000,2022-10-06,26,,,
1665100800000,2022-10-07,23,,,
1665187200000,2022-10-08,24,,,
1665273600000,2022-10-09,22,,,
1665360000000,2022-10-10,22,,,
1665446400000,2022-10-11,24,,,
1665532800000,2022-10-12,20,,,
1665619200000,2022-10-13,20,,,
1665705600000,2022-10-14,24,,,
1665792000000,2022-10-15,24,,,
1665878400000,2022-10-16,24,,,
1665964800000,2022-10-17,20,,,
1666051200000,2022-10-18,22,,,
1666137600000,2022-10-19,23,,,
1666224000000,2022-10-20,23,,,
1666310400000,2022-10-21,23,,,
1666396800000,2022-10-22,20,,,
1666483200000,2022-10-23,23,,,
1666569600000,2022-10-24,22,,,
1666656000000,2022-10-25,20,,,
1666742400000,2022-10-26,33,,,
1666828800000,2022-10-27,32,,,
1666915200000,2022-10-28,30,,,
1667001600000,2022-10-29,34,,,
1667088000000,2022-10-30,34,,,
1667174400000,2022-10-31,31,,,
1667260800000,2022-11-01,30,,,
1667347200000,2022-11-02,30,,,
1667433600000,2022-11-03,30,,,
1667520000000,2022-11-04,30,,,
1667606400000,2022-11-05,38,,,
1667692800000,2022-11-06,40,,,
1667779200000,2022-11-07,33,,,
1667865600000,2022-11-08,31,,,
1667952000000,2022-11-09,29,,,
1668038400000,2022-11-10,22,,,
1668124800000,2022-11-11,25,,,
1668211200000,2022-11-12,21,,,
1668297600000,2022-11-13,22,,,
1668384000000,2022-11-14,24,,,
1668470400000,2022-11-15,22,,,
1668556800000,2022-11-16,23,,,
1668643200000,2022-11-17,20,,,
1668729600000,2022-11-18,23,,,
1668816000000,2022-11-19,23,,,
1668902400000,2022-11-20,24,,,
1668988800000,2022-11-21,21,,,
1669075200000,2022-11-22,22,,,
1669161600000,2022-11-23,22,,,
1669248000000,2022-11-24,20,,,
1669334400000,2022-11-25,20,,,
1669420800000,2022-11-26,22,,,
1669507200000,2022-11-27,26,,,
1669593600000,2022-11-28,28,,,
1669680000000,2022-11-29,26,,,
1669766400000,2022-11-30,29,,,
1669852800000,2022-12-01,27,,,
1669939200000,2022-12-02,27,,,
1670025600000,2022-12-03,27,,,
1670112000000,2022-12-04,26,,,
1670198400000,2022-12-05,26,,,
1670284800000,2022-12-06,25,,,
1670371200000,2022-12-07,29,,,
1670457600000,2022-12-08,25,,,
1670544000000,2022-12-09,26,,,
1670630400000,2022-12-10,27,,,
1670716800000,2022-12-11,26,,,
1670803200000,2022-12-12,27,,,
1670889600000,2022-12-13,27,,,
1670976000000,2022-12-14,30,,,
1671062400000,2022-12-15,31,,,
1671148800000,2022-12-16,29,,,
1671235200000,2022-12-17,28,,,
1671321600000,2022-12-18,26,,,
1671408000000,2022-12-19,29,,,
1671494400000,2022-12-20,29,,,
1671580800000,2022-12-21,26,,,
1671667200000,2022-12-22,28,,,
1671753600000,2022-12-23,27,,,
1671840000000,2022-12-24,29,,,
1671926400000,2022-12-25,29,,,
1672012800000,2022-12-26,28,,,
1672099200000,2022-12-27,27,,,
1672185600000,2022-12-28,28,,,
1672272000000,2022-12-29,28,,,
1672358400000,2022-12-30,28,,,
1672444800000,2022-12-31,25,,,
1672531200000,2023-01-01,26,,,
1672617600000,2023-01-02,27,,,
1672704000000,2023-01-03,26,,,
1672790400000,2023-01-04,29,,,
1672876800000,2023-01-05,29,,,
1672963200000,2023-01-06,26,,,
1673049600000,2023-01-07,25,,,
1673136000000,2023-01-08,25,,,
1673222400000,2023-01-09,25,,,
1673308800000,2023-01-10,26,,,
1673395200000,2023-01-11,26,,,
1673481600000,2023-01-12,30,,,
1673568000000,2023-01-13,31,,,
1673654400000,2023-01-14,46,,,
1673740800000,2023-01-15,52,,,
1673827200000,2023-01-16,45,,,
1673913600000,2023-01-17,51,,,
1674000000000,2023-01-18,52,,,
1674086400000,2023-01-19,45,,,
1674172800000,2023-01-20,51,,,
1674259200000,2023-01-21,53,,,
1674345600000,2023-01-22,53,,,
1674432000000,2023-01-23,50,,,
1674518400000,2023-01-24,52,,,
1674604800000,2023-01-25,51,,,
1674691200000,2023-01-26,54,,,
1674777600000,2023-01-27,55,,,
1674864000000,2023-01-28,52,,,
1674950400000,2023-01-29,55,,,
1675036800000,2023-01-30,61,,,
1675123200000,2023-01-31,51,,,
1675209600000,2023-02-01,56,,,
1675296000000,2023-02-02,60,,,
1675382400000,2023-02-03,60,,,
1675468800000,2023-02-04,58,,,
1675555200000,2023-02-05,58,,,
1675641600000,2023-02-06,56,,,
1675728000000,2023-02-07,54,,,
1675814400000,2023-02-08,58,,,
1675900800000,2023-02-09,55,,,
1675987200000,2023-02-10,48,,,
1676073600000,2023-02-11,49,,,
1676160000000,2023-02-12,50,,,
1676246400000,2023-02-13,48,,,
1676332800000,2023-02-14,50,,,
1676419200000,2023-02-15,53,,,
1676505600000,2023-02-16,62,,,
1676592000000,2023-02-17,61,,,
1676678400000,2023-02-18,60,,,
1676764800000,2023-02-19,60,,,
1676851200000,2023-02-20,58,,,
1676937600000,2023-02-21,60,,,
1677024000000,2023-02-22,59,,,
1677110400000,2023-02-23,56,,,
1677196800000,2023-02-24,53,,,
1677283200000,2023-02-25,52,,,
1677369600000,2023-02-26,51,,,
1677456000000,2023-02-27,50,,,
1677542400000,2023-02-28,53,,,
1677628800000,2023-03-01,50,,,
1677715200000,2023-03-02,51,,,
1677801600000,2023-03-03,50,,,
1677888000000,2023-03-04,50,,,
1677974400000,2023-03-05,47,,,
1678060800000,2023-03-06,48,,,
1678147200000,2023-03-07,49,,,
1678233600000,2023-03-08,50,,,
1678320000000,2023-03-09,44,,,
1678406400000,2023-03-10,34,,,
1678492800000,2023-03-11,33,,,
1678579200000,2023-03-12,33,,,
1678665600000,2023-03-13,49,,,
1678752000000,2023-03-14,56,,,
1678838400000,2023-03-15,50,,,
1678924800000,2023-03-16,52,,,
1679011200000,2023-03-17,51,,,
1679097600000,2023-03-18,64,,,
1679184000000,2023-03-19,63,,,
1679270400000,2023-03-20,66,,,
1679356800000,2023-03-21,68,,,
1679443200000,2023-03-22,62,,,
1679529600000,2023-03-23,57,,,
1679616000000,2023-03-24,61,,,
1679702400000,2023-03-25,64,,,
1679788800000,2023-03-26,64,,,
1679875200000,2023-03-27,64,,,
1679961600000,2023-03-28,59,,,
1680048000000,2023-03-29,57,,,
1680134400000,2023-03-30,60,,,
1680220800000,2023-03-31,63,,,
1680307200000,2023-04-01,61,,,
1680393600000,2023-04-02,63,,,
1680480000000,2023-04-03,63,,,
1680566400000,2023-04-04,62,,,
1680652800000,2023-04-05,62,,,
1680739200000,2023-04-06,63,,,
1680825600000,2023-04-07,64,,,
1680912000000,2023-04-08,61,,,
1680998400000,2023-04-09,61,,,
1681084800000,2023-04-10,62,,,
1681171200000,2023-04-11,68,,,
1681257600000,2023-04-12,65,,,
1681344000000,2023-04-13,61,,,
1681430400000,2023-04-14,68,,,
1681516800000,2023-04-15,68,,,
1681603200000,2023-04-16,68,,,
1681689600000,2023-04-17,69,,,
1681776000000,2023-04-18,58,,,
1681862400000,2023-04-19,63,,,
1681948800000,2023-04-20,52,,,
1682035200000,2023-04-21,50,,,
1682121600000,2023-04-22,53,,,
1682208000000,2023-04-23,56,,,
1682294400000,2023-04-24,53,,,
1682380800000,2023-04-25,53,,,
1682467200000,2023-04-26,56,,,
1682553600000,2023-04-27,59,,,
1682640000000,2023-04-28,64,,,
1682726400000,2023-04-29,64,,,
1682812800000,2023-04-30,60,,,
1682899200000,2023-05-01,63,,,
1682985600000,2023-05-02,55,,,
1683072000000,2023-05-03,64,,,
1683158400000,2023-05-04,64,,,
1683244800000,2023-05-05,61,,,
1683331200000,2023-05-06,60,,,
1683417600000,2023-05-07,64,,,
1683504000000,2023-05-08,60,,,
1683590400000,2023-05-09,51,,,
1683676800000,2023-05-10,52,,,
1683763200000,2023-05-11,52,,,
1683849600000,2023-05-12,49,,,
1683936000000,2023-05-13,48,,,
1684022400000,2023-05-14,48,,,
1684108800000,2023-05-15,50,,,
1684195200000,2023-05-16,54,,,
1684281600000,2023-05-17,50,,,
1684368000000,2023-05-18,51,,,
1684454400000,2023-05-19,48,,,
1684540800000,2023-05-20,48,,,
1684627200000,2023-05-21,52,,,
1684713600000,2023-05-22,49,,,
1684800000000,2023-05-23,50,,,
1684886400000,2023-05-24,50,,,
1684972800000,2023-05-25,51,,,
1685059200000,2023-05-26,49,,,
1685145600000,2023-05-27,48,,,
1685232000000,2023-05-28,50,,,
1685318400000,2023-05-29,52,,,
1685404800000,2023-05-30,51,,,
1685491200000,2023-05-31,51,,,
1685577600000,2023-06-01,52,,,
1685664000000,2023-06-02,50,,,
1685750400000,2023-06-03,53,,,
1685836800000,2023-06-04,52,,,
1685923200000,2023-06-05,53,,,
1686009600000,2023-06-06,44,,,
1686096000000,2023-06-07,53,,,
1686182400000,2023-06-08,50,,,
1686268800000,2023-06-09,50,,,
1686355200000,2023-06-10,49,,,
1686441600000,2023-06-11,47,,,
1686528000000,2023-06-12,47,,,
1686614400000,2023-06-13,45,,,
1686700800000,2023-06-14,46,,,
1686787200000,2023-06-15,41,,,
1686873600000,2023-06-16,47,,,
1686960000000,2023-06-17,47,,,
1687046400000,2023-06-18,49,,,
1687132800000,2023-06-19,47,,,
1687219200000,2023-06-20,49,,,
1687305600000,2023-06-21,59,,,
1687392000000,2023-06-22,65,,,
1687478400000,2023-06-23,65,,,
1687564800000,2023-06-24,62,,,
1687651200000,2023-06-25,64,,,
1687737600000,2023-06-26,55,,,
1687824000000,2023-06-27,59,,,
1687910400000,2023-06-28,62,,,
1687996800000,2023-06-29,54,,,
1688083200000,2023-06-30,56,,,
1688169600000,2023-07-01,59,,,
1688256000000,2023-07-02,63,,,
1688342400000,2023-07-03,62,,,
1688428800000,2023-07-04,64,,,
1688515200000,2023-07-05,61,,,
1688601600000,2023-07-06,56,,,
1688688000000,2023-07-07,55,,,
1688774400000,2023-07-08,58,,,
1688860800000,2023-07-09,55,,,
1688947200000,2023-07-10,56,,,
1689033600000,2023-07-11,57,,,
1689120000000,2023-07-12,64,,,
1689206400000,2023-07-13,57,,,
1689292800000,2023-07-14,60,,,
1689379200000,2023-07-15,56,,,
1689465600000,2023-07-16,57,,,
1689552000000,2023-07-17,54,,,
1689638400000,2023-07-18,56,,,
1689724800000,2023-07-19,50,,,
1689811200000,2023-07-20,56,,,
1689897600000,2023-07-21,50,,,
1689984000000,2023-07-22,52,,,
1690070400000,2023-07-23,54,,,
1690156800000,2023-07-24,55,,,
1690243200000,2023-07-25,50,,,
1690329600000,2023-07-26,51,,,
1690416000000,2023-07-27,52,,,
1690502400000,2023-07-28,52,,,
1690588800000,2023-07-29,52,,,
1690675200000,2023-07-30,50,,,
1690761600000,2023-07-31,53,,,
1690848000000,2023-08-01,53,,,
1690934400000,2023-08-02,52,,,
1691020800000,2023-08-03,54,,,
1691107200000,2023-08-04,50,,,
1691193600000,2023-08-05,49,,,
1691280000000,2023-08-06,49,,,
1691366400000,2023-08-07,54,,,
1691452800000,2023-08-08,50,,,
1691539200000,2023-08-09,53,,,
1691625600000,2023-08-10,51,,,
1691712000000,2023-08-11,54,,,
1691798400000,2023-08-12,54,,,
1691884800000,2023-08-13,50,,,
1691971200000,2023-08-14,53,,,
1692057600000,2023-08-15,52,,,
1692144000000,2023-08-16,50,,,
1692230400000,2023-08-17,37,,,
1692316800000,2023-08-18,39,,,
1692403200000,2023-08-19,37,,,
1692489600000,2023-08-20,38,,,
1692576000000,2023-08-21,37,,,
1692662400000,2023-08-22,37,,,
1692748800000,2023-08-23,41,,,
1692835200000,2023-08-24,39,,,
1692921600000,2023-08-25,38,,,
1693008000000,2023-08-26,38,,,
1693094400000,2023-08-27,39,,,
1693180800000,2023-08-28,39,,,
1693267200000,2023-08-29,49,,,
1693353600000,2023-08-30,52,,,
1693440000000,2023-08-31,40,,,
1693526400000,2023-09-01,39,,,
1693612800000,2023-09-02,40,,,
1693699200000,2023-09-03,40,,,
1693785600000,2023-09-04,40,,,
1693872000000,2023-09-05,42,,,
1693958400000,2023-09-06,41,,,
1694044800000,2023-09-07,46,,,
1694131200000,2023-09-08,41,,,
1694217600000,2023-09-09,40,,,
1694304000000,2023-09-10,40,,,
1694390400000,2023-09-11,30,,,
1694476800000,2023-09-12,41,,,
1694563200000,2023-09-13,45,,,
1694649600000,2023-09-14,45,,,
1694736000000,2023-09-15,43,,,
1694822400000,2023-09-16,46,,,
1694908800000,2023-09-17,46,,,
1694995200000,2023-09-18,46,,,
1695081600000,2023-09-19,47,,,
1695168000000,2023-09-20,47,,,
1695254400000,2023-09-21,43,,,
1695340800000,2023-09-22,47,,,
1695427200000,2023-09-23,44,,,
1695513600000,2023-09-24,47,,,
1695600000000,2023-09-25,46,,,
1695686400000,2023-09-26,44,,,
1695772800000,2023-09-27,46,,,
1695859200000,2023-09-28,48,,,
1695945600000,2023-09-29,47,,,
1696032000000,2023-09-30,48,,,
1696118400000,2023-10-01,50,,,
1696204800000,2023-10-02,50,,,
1696291200000,2023-10-03,49,,,
1696377600000,2023-10-04,48,,,
1696464000000,2023-10-05,50,,,
1696550400000,2023-10-06,49,,,
1696636800000,2023-10-07,50,,,
1696723200000,2023-10-08,50,,,
1696809600000,2023-10-09,50,,,
1696896000000,2023-10-10,47,,,
1696982400000,2023-10-11,45,,,
1697068800000,2023-10-12,44,,,
1697155200000,2023-10-13,47,,,
1697241600000,2023-10-14,45,,,
1697328000000,2023-10-15,47,,,
1697414400000,2023-10-16,52,,,
1697500800000,2023-10-17,50,,,
1697587200000,2023-10-18,52,,,
1697673600000,2023-10-19,53,,,
1697760000000,2023-10-20,63,,,
1697846400000,2023-10-21,53,,,
1697932800000,2023-10-22,53,,,
1698019200000,2023-10-23,66,,,
1698105600000,2023-10-24,72,,,
1698192000000,2023-10-25,71,,,
1698278400000,2023-10-26,70,,,
1698364800000,2023-10-27,65,,,
1698451200000,2023-10-28,72,,,
1698537600000,2023-10-29,68,,,
1698624000000,2023-10-30,66,,,
1698710400000,2023-10-31,66,,,
1698796800000,2023-11-01,72,,,
1698883200000,2023-11-02,65,,,
1698969600000,2023-11-03,68,,,
1699056000000,2023-11-04,70,,,
1699142400000,2023-11-05,74,,,
1699228800000,2023-11-06,68,,,
1699315200000,2023-11-07,66,,,
1699401600000,2023-11-08,69,,,
1699488000000,2023-11-09,70,,,
1699574400000,2023-11-10,70,,,
1699660800000,2023-11-11,73,,,
1699747200000,2023-11-12,72,,,
1699833600000,2023-11-13,69,,,
1699920000000,2023-11-14,60,,,
1700006400000,2023-11-15,70,,,
1700092800000,2023-11-16,63,,,
1700179200000,2023-11-17,69,,,
1700265600000,2023-11-18,66,,,
1700352000000,2023-11-19,69,,,
1700438400000,2023-11-20,71,,,
1700524800000,2023-11-21,62,,,
1700611200000,2023-11-22,66,,,
1700697600000,2023-11-23,66,,,
1700784000000,2023-11-24,73,,,
1700870400000,2023-11-25,73,,,
1700956800000,2023-11-26,66,,,
1701043200000,2023-11-27,68,,,
1701129600000,2023-11-28,72,,,
1701216000000,2023-11-29,74,,,
1701302400000,2023-11-30,71,,,
1701388800000,2023-12-01,74,,,
1701475200000,2023-12-02,73,,,
1701561600000,2023-12-03,74,,,
1701648000000,2023-12-04,75,,,
1701734400000,2023-12-05,72,,,
1701820800000,2023-12-06,72,,,
1701907200000,2023-12-07,72,,,
1701993600000,2023-12-08,73,,,
1702080000000,2023-12-09,74,,,
1702166400000,2023-12-10,74,,,
1702252800000,2023-12-11,67,,,
1702339200000,2023-12-12,65,,,
1702425600000,2023-12-13,72,,,
1702512000000,2023-12-14,70,,,
1702598400000,2023-12-15,67,,,
1702684800000,2023-12-16,73,,,
1702771200000,2023-12-17,65,,,
1702857600000,2023-12-18,73,,,
1702944000000,2023-12-19,74,,,
1703030400000,2023-12-20,70,,,
1703116800000,2023-12-21,74,,,
1703203200000,2023-12-22,70,,,
1703289600000,2023-12-23,71,,,
1703376000000,2023-12-24,73,,,
1703462400000,2023-12-25,71,,,
1703548800000,2023-12-26,73,,,
1703635200000,2023-12-27,73,,,
1703721600000,2023-12-28,65,,,
1703808000000,2023-12-29,68,,,
1703894400000,2023-12-30,67,,,
1703980800000,2023-12-31,65,,,
1704067200000,2024-01-01,71,,,
1704153600000,2024-01-02,70,,,
1704240000000,2024-01-03,68,,,
1704326400000,2024-01-04,72,,,
1704412800000,2024-01-05,70,,,
1704499200000,2024-01-06,71,,,
1704585600000,2024-01-07,71,,,
1704672000000,2024-01-08,76,,,
1704758400000,2024-01-09,73,,,
1704844800000,2024-01-10,76,,,
1704931200000,2024-01-11,71,,,
1705017600000,2024-01-12,64,,,
1705104000000,2024-01-13,60,,,
1705190400000,2024-01-14,52,,,
1705276800000,2024-01-15,64,,,
1705363200000,2024-01-16,60,,,
1705449600000,2024-01-17,63,,,
1705536000000,2024-01-18,51,,,
1705622400000,2024-01-19,52,,,
1705708800000,2024-01-20,56,,,
1705795200000,2024-01-21,55,,,
1705881600000,2024-01-22,50,,,
1705968000000,2024-01-23,48,,,
1706054400000,2024-01-24,52,,,
1706140800000,2024-01-25,49,,,
1706227200000,2024-01-26,55,,,
1706313600000,2024-01-27,54,,,
1706400000000,2024-01-28,55,,,
1706486400000,2024-01-29,61,,,
1706572800000,2024-01-30,60,,,
1706659200000,2024-01-31,63,,,
1706745600000,2024-02-01,63,,,
1706832000000,2024-02-02,60,,,
1706918400000,2024-02-03,60,,,
1707004800000,2024-02-04,60,,,
1707091200000,2024-02-05,64,,,
1707177600000,2024-02-06,62,,,
1707264000000,2024-02-07,66,,,
1707350400000,2024-02-08,72,,,
1707436800000,2024-02-09,74,,,
1707523200000,2024-02-10,71,,,
1707609600000,2024-02-11,70,,,
1707696000000,2024-02-12,79,,,
1707782400000,2024-02-13,74,,,
1707868800000,2024-02-14,72,,,
1707955200000,2024-02-15,72,,,
1708041600000,2024-02-16,76,,,
1708128000000,2024-02-17,72,,,
1708214400000,2024-02-18,75,,,
1708300800000,2024-02-19,72,,,
1708387200000,2024-02-20,78,,,
1708473600000,2024-02-21,74,,,
1708560000000,2024-02-22,76,,,
1708646400000,2024-02-23,72,,,
1708732800000,2024-02-24,74,,,
1708819200000,2024-02-25,72,,,
1708905600000,2024-02-26,79,,,
1708992000000,2024-02-27,82,,,
1709078400000,2024-02-28,80,,,
1709164800000,2024-02-29,80,,,
1709251200000,2024-03-01,80,,,
1709337600000,2024-03-02,83,,,
1709424000000,2024-03-03,82,,,
1709510400000,2024-03-04,90,,,
1709596800000,2024-03-05,75,,,
1709683200000,2024-03-06,82,,,
1709769600000,2024-03-07,81,,,
1709856000000,2024-03-08,84,,,
1709942400000,2024-03-09,79,,,
1710028800000,2024-03-10,82,,,
1710115200000,2024-03-11,81,,,
1710201600000,2024-03-12,81,,,
1710288000000,2024-03-13,88,,,
1710374400000,2024-03-14,83,,,
1710460800000,2024-03-15,81,,,
1710547200000,2024-03-16,79,,,
1710633600000,2024-03-17,77,,,
1710720000000,2024-03-18,79,,,
1710806400000,2024-03-19,74,,,
1710892800000,2024-03-20,78,,,
1710979200000,2024-03-21,75,,,
1711065600000,2024-03-22,73,,,
1711152000000,2024-03-23,74,,,
1711238400000,2024-03-24,75,,,
1711324800000,2024-03-25,81,,,
1711411200000,2024-03-26,83,,,
1711497600000,2024-03-27,80,,,
1711584000000,2024-03-28,79,,,
1711670400000,2024-03-29,75,,,
1711756800000,2024-03-30,75,,,
1711843200000,2024-03-31,79,,,
1711929600000,2024-04-01,79,,,
1712016000000,2024-04-02,71,,,
1712102400000,2024-04-03,70,,,
1712188800000,2024-04-04,79,,,
1712275200000,2024-04-05,75,,,
1712361600000,2024-04-06,78,,,
1712448000000,2024-04-07,76,,,
1712534400000,2024-04-08,80,,,
1712620800000,2024-04-09,78,,,
1712707200000,2024-04-10,76,,,
1712793600000,2024-04-11,79,,,
1712880000000,2024-04-12,72,,,
1712966400000,2024-04-13,72,,,
1713052800000,2024-04-14,74,,,
1713139200000,2024-04-15,65,,,
1713225600000,2024-04-16,67,,,
1713312000000,2024-04-17,57,,,
1713398400000,2024-04-18,66,,,
1713484800000,2024-04-19,66,,,
1713571200000,2024-04-20,72,,,
1713657600000,2024-04-21,73,,,
1713744000000,2024-04-22,71,,,
1713830400000,2024-04-23,72,,,
1713916800000,2024-04-24,72,,,
1714003200000,2024-04-25,70,,,
1714089600000,2024-04-26,67,,,
1714176000000,2024-04-27,65,,,
1714262400000,2024-04-28,67,,,
1714348800000,2024-04-29,67,,,
1714435200000,2024-04-30,54,,,
1714521600000,2024-05-01,43,,,
1714608000000,2024-05-02,48,,,
1714694400000,2024-05-03,67,,,
1714780800000,2024-05-04,69,,,
1714867200000,2024-05-05,71,,,
1714953600000,2024-05-06,68,,,
1715040000000,2024-05-07,64,,,
1715126400000,2024-05-08,55,,,
1715212800000,2024-05-09,66,,,
1715299200000,2024-05-10,53,,,
1715385600000,2024-05-11,56,,,
1715472000000,2024-05-12,57,,,
1715558400000,2024-05-13,66,,,
1715644800000,2024-05-14,64,,,
1715731200000,2024-05-15,70,,,
1715817600000,2024-05-16,74,,,
1715904000000,2024-05-17,73,,,
1715990400000,2024-05-18,72,,,
1716076800000,2024-05-19,70,,,
1716163200000,2024-05-20,76,,,
1716249600000,2024-05-21,76,,,
1716336000000,2024-05-22,76,,,
1716422400000,2024-05-23,74,,,
1716508800000,2024-05-24,76,,,
1716595200000,2024-05-25,75,,,
1716681600000,2024-05-26,74,,,
1716768000000,2024-05-27,72,,,
1716854400000,2024-05-28,72,,,
1716940800000,2024-05-29,73,,,
1717027200000,2024-05-30,73,,,
1717113600000,2024-05-31,72,,,
1717200000000,2024-06-01,73,,,
1717286400000,2024-06-02,73,,,
1717372800000,2024-06-03,73,,,
1717459200000,2024-06-04,75,,,
1717545600000,2024-06-05,78,,,
1717632000000,2024-06-06,77,,,
1717718400000,2024-06-07,72,,,
1717804800000,2024-06-08,75,,,
1717891200000,2024-06-09,72,,,
1717977600000,2024-06-10,74,,,
1718064000000,2024-06-11,72,,,
1718150400000,2024-06-12,70,,,
1718236800000,2024-06-13,74,,,
1718323200000,2024-06-14,74,,,
1718409600000,2024-06-15,71,,,
1718496000000,2024-06-16,71,,,
1718582400000,2024-06-17,74,,,
1718668800000,2024-06-18,64,,,
1718755200000,2024-06-19,60,,,
1718841600000,2024-06-20,63,,,
1718928000000,2024-06-21,53,,,
1719014400000,2024-06-22,55,,,
1719100800000,2024-06-23,51,,,
1719187200000,2024-06-24,30,,,
1719273600000,2024-06-25,46,,,
1719360000000,2024-06-26,40,,,
1719446400000,2024-06-27,47,,,
1719532800000,2024-06-28,30,,,
1719619200000,2024-06-29,47,,,
1719705600000,2024-06-30,53,,,
1719792000000,2024-07-01,51,,,
1719878400000,2024-07-02,50,,,
1719964800000,2024-07-03,44,,,
1720051200000,2024-07-04,29,,,
1720137600000,2024-07-05,26,,,
1720224000000,2024-07-06,29,,,
1720310400000,2024-07-07,28,,,
1720396800000,2024-07-08,27,,,
1720483200000,2024-07-09,28,,,
1720569600000,2024-07-10,29,,,
1720656000000,2024-07-11,25,,,
1720742400000,2024-07-12,25,,,
1720828800000,2024-07-13,33,,,
1720915200000,2024-07-14,52,,,
1721001600000,2024-07-15,65,,,
1721088000000,2024-07-16,69,,,
1721174400000,2024-07-17,61,,,
1721260800000,2024-07-18,60,,,
1721347200000,2024-07-19,74,,,
1721433600000,2024-07-20,74,,,
1721520000000,2024-07-21,70,,,
1721606400000,2024-07-22,71,,,
1721692800000,2024-07-23,69,,,
1721779200000,2024-07-24,68,,,
1721865600000,2024-07-25,68,,,
1721952000000,2024-07-26,72,,,
1722038400000,2024-07-27,71,,,
1722124800000,2024-07-28,74,,,
1722211200000,2024-07-29,67,,,
1722297600000,2024-07-30,61,,,
1722384000000,2024-07-31,52,,,
1722470400000,2024-08-01,57,,,
1722556800000,2024-08-02,37,,,
1722643200000,2024-08-03,34,,,
1722729600000,2024-08-04,26,,,
1722816000000,2024-08-05,17,,,
1722902400000,2024-08-06,29,,,
1722988800000,2024-08-07,20,,,
1723075200000,2024-08-08,48,,,
1723161600000,2024-08-09,40,,,
1723248000000,2024-08-10,39,,,
1723334400000,2024-08-11,25,,,
1723420800000,2024-08-12,31,,,
1723507200000,2024-08-13,30,,,
1723593600000,2024-08-14,29,,,
1723680000000,2024-08-15,27,,,
1723766400000,2024-08-16,25,,,
1723852800000,2024-08-17,31,,,
1723939200000,2024-08-18,28,,,
1724025600000,2024-08-19,30,,,
1724112000000,2024-08-20,26,,,
1724198400000,2024-08-21,39,,,
1724284800000,2024-08-22,34,,,
1724371200000,2024-08-23,56,,,
1724457600000,2024-08-24,54,,,
1724544000000,2024-08-25,55,,,
1724630400000,2024-08-26,48,,,
1724716800000,2024-08-27,30,,,
1724803200000,2024-08-28,29,,,
1724889600000,2024-08-29,34,,,
1724976000000,2024-08-30,29,,,
1725062400000,2024-08-31,26,,,
1725148800000,2024-09-01,26,,,
1725235200000,2024-09-02,26,,,
1725321600000,2024-09-03,27,,,
1725408000000,2024-09-04,29,,,
1725494400000,2024-09-05,22,,,
1725580800000,2024-09-06,23,,,
1725667200000,2024-09-07,29,,,
1725753600000,2024-09-08,26,,,
1725840000000,2024-09-09,33,,,
1725926400000,2024-09-10,37,,,
1726012800000,2024-09-11,31,,,
1726099200000,2024-09-12,32,,,
1726185600000,2024-09-13,50,,,
1726272000000,2024-09-14,51,,,
1726358400000,2024-09-15,39,,,
1726444800000,2024-09-16,33,,,
1726531200000,2024-09-17,45,,,
1726617600000,2024-09-18,49,,,
1726704000000,2024-09-19,54,,,
1726790400000,2024-09-20,54,,,
1726876800000,2024-09-21,52,,,
1726963200000,2024-09-22,50,,,
1727049600000,2024-09-23,54,,,
1727136000000,2024-09-24,59,,,
1727222400000,2024-09-25,50,,,
1727308800000,2024-09-26,61,,,
1727395200000,2024-09-27,64,,,
1727481600000,2024-09-28,63,,,
1727568000000,2024-09-29,61,,,
1727654400000,2024-09-30,50,,,
1727740800000,2024-10-01,42,,,
1727827200000,2024-10-02,37,,,
1727913600000,2024-10-03,41,,,
1728000000000,2024-10-04,49,,,
1728086400000,2024-10-05,50,,,
1728172800000,2024-10-06,50,,,
1728259200000,2024-10-07,49,,,
1728345600000,2024-10-08,49,,,
1728432000000,2024-10-09,39,,,
1728518400000,2024-10-10,32,,,
1728604800000,2024-10-11,49,,,
1728691200000,2024-10-12,50,,,
1728777600000,2024-10-13,48,,,
1728864000000,2024-10-14,65,,,
1728950400000,2024-10-15,73,,,
1729036800000,2024-10-16,71,,,
1729123200000,2024-10-17,73,,,
1729209600000,2024-10-18,72,,,
1729296000000,2024-10-19,73,,,
1729382400000,2024-10-20,72,,,
1729468800000,2024-10-21,70,,,
1729555200000,2024-10-22,71,,,
1729641600000,2024-10-23,69,,,
1729728000000,2024-10-24,72,,,
1729900800000,2024-10-26,74,,,
1729987200000,2024-10-27,72,,,
1730073600000,2024-10-28,72,,,
1730160000000,2024-10-29,77,,,
1730332800000,2024-10-31,75,,,
1730419200000,2024-11-01,72,,,
1730505600000,2024-11-02,74,,,
1730592000000,2024-11-03,70,,,
1730678400000,2024-11-04,70,,,
1730764800000,2024-11-05,70,,,
1730851200000,2024-11-06,77,,,
1730937600000,2024-11-07,75,,,
1731024000000,2024-11-08,75,,,
1731110400000,2024-11-09,78,,,
1731196800000,2024-11-10,76,,,
1731283200000,2024-11-11,80,,,
1731369600000,2024-11-12,84,,,
1731456000000,2024-11-13,88,,,
1731542400000,2024-11-14,80,,,
1731628800000,2024-11-15,86,,,
1731715200000,2024-11-16,90,,,
1731801600000,2024-11-17,83,,,
1731888000000,2024-11-18,90,,,
1731974400000,2024-11-19,83,,,
1732060800000,2024-11-20,82,,,
1732147200000,2024-11-21,94,,,
1732233600000,2024-11-22,93,,,
1732320000000,2024-11-23,80,,,
1732406400000,2024-11-24,82,,,
1732492800000,2024-11-25,79,,,
1732579200000,2024-11-26,75,,,
1732665600000,2024-11-27,77,,,
1732752000000,2024-11-28,78,,,
1732838400000,2024-11-29,84,,,
1732924800000,2024-11-30,81,,,
1733011200000,2024-12-01,80,,,
1733097600000,2024-12-02,76,,,
1733184000000,2024-12-03,78,,,
1733270400000,2024-12-04,84,,,
1733356800000,2024-12-05,72,,,
1733443200000,2024-12-06,75,,,
1733529600000,2024-12-07,79,,,
1733616000000,2024-12-08,78,,,
1733702400000,2024-12-09,78,,,
1733788800000,2024-12-10,74,,,
1733875200000,2024-12-11,83,,,
1733961600000,2024-12-12,76,,,
1734048000000,2024-12-13,83,,,
1734134400000,2024-12-14,80,,,
1734220800000,2024-12-15,83,,,
1734307200000,2024-12-16,87,,,
1734393600000,2024-12-17,81,,,
1734480000000,2024-12-18,75,,,
1734566400000,2024-12-19,74,,,
1734652800000,2024-12-20,73,,,
1734739200000,2024-12-21,73,,,
1734825600000,2024-12-22,70,,,
1734912000000,2024-12-23,73,,,
1734998400000,2024-12-24,73,,,
1735084800000,2024-12-25,79,,,
1735171200000,2024-12-26,74,,,
1735257600000,2024-12-27,72,,,
1735344000000,2024-12-28,73,,,
1735430400000,2024-12-29,65,,,
1735516800000,2024-12-30,64,,,
1735603200000,2024-12-31,66,,,
1735689600000,2025-01-01,70,,,
1735776000000,2025-01-02,74,,,
1735862400000,2025-01-03,73,,,
1735948800000,2025-01-04,72,,,
1736035200000,2025-01-05,76,,,
1736121600000,2025-01-06,78,,,
1736208000000,2025-01-07,70,,,
1736294400000,2025-01-08,69,,,
1736380800000,2025-01-09,50,,,
1736467200000,2025-01-10,69,,,
1736553600000,2025-01-11,62,,,
1736640000000,2025-01-12,61,,,
1736726400000,2025-01-13,63,,,
1736812800000,2025-01-14,70,,,
1736899200000,2025-01-15,75,,,
1736985600000,2025-01-16,75,,,
1737072000000,2025-01-17,77,,,
1737158400000,2025-01-18,77,,,
1737244800000,2025-01-19,76,,,
1737331200000,2025-01-20,76,,,
1737417600000,2025-01-21,84,,,
1737504000000,2025-01-22,75,,,
1737590400000,2025-01-23,75,,,
1737676800000,2025-01-24,75,,,
1737763200000,2025-01-25,73,,,
1737849600000,2025-01-26,71,,,
1737936000000,2025-01-27,72,,,
1738022400000,2025-01-28,72,,,
1738108800000,2025-01-29,70,,,
1738195200000,2025-01-30,76,,,
1738281600000,2025-01-31,68,,,
1738368000000,2025-02-01,60,,,
1738454400000,2025-02-02,44,,,
1738540800000,2025-02-03,72,,,
1738627200000,2025-02-04,54,,,
1738713600000,2025-02-05,49,,,
1738800000000,2025-02-06,44,,,
1738886400000,2025-02-07,44,,,
1738972800000,2025-02-08,46,,,
1739059200000,2025-02-09,43,,,
1739145600000,2025-02-10,47,,,
1739232000000,2025-02-11,46,,,
1739318400000,2025-02-12,50,,,
1739404800000,2025-02-13,48,,,
1739491200000,2025-02-14,50,,,
1739577600000,2025-02-15,54,,,
1739664000000,2025-02-16,51,,,
1739750400000,2025-02-17,47,,,
1739836800000,2025-02-18,44,,,
1739923200000,2025-02-19,49,,,
1740009600000,2025-02-20,55,,,
1740096000000,2025-02-21,49,,,
1740182400000,2025-02-22,50,,,
1740268800000,2025-02-23,49,,,
1740355200000,2025-02-24,25,,,
1740441600000,2025-02-25,21,,,
1740528000000,2025-02-26,10,,,
1740614400000,2025-02-27,16,,,
1740700800000,2025-02-28,20,,,
1740787200000,2025-03-01,26,,,
1740873600000,2025-03-02,33,,,
1740960000000,2025-03-03,15,,,
1741046400000,2025-03-04,20,,,
1741132800000,2025-03-05,25,,,
1741219200000,2025-03-06,34,,,
1741305600000,2025-03-07,28,,,
1741392000000,2025-03-08,27,,,
1741478400000,2025-03-09,20,,,
1741564800000,2025-03-10,24,,,
1741651200000,2025-03-11,34,,,
1741737600000,2025-03-12,45,,,
1741824000000,2025-03-13,27,,,
1741910400000,2025-03-14,46,,,
1741996800000,2025-03-15,30,,,
1742083200000,2025-03-16,32,,,
1742169600000,2025-03-17,34,,,
1742256000000,2025-03-18,32,,,
1742342400000,2025-03-19,49,,,
1742428800000,2025-03-20,31,,,
1742515200000,2025-03-21,32,,,
1742601600000,2025-03-22,30,,,
1742688000000,2025-03-23,45,,,
1742774400000,2025-03-24,46,,,
1742860800000,2025-03-25,47,,,
1742947200000,2025-03-26,40,,,
1743033600000,2025-03-27,44,,,
1743120000000,2025-03-28,26,,,
1743206400000,2025-03-29,32,,,
1743292800000,2025-03-30,34,,,
1743379200000,2025-03-31,34,,,
1743465600000,2025-04-01,44,,,
1743552000000,2025-04-02,25,,,
1743638400000,2025-04-03,28,,,
1743724800000,2025-04-04,30,,,
1743811200000,2025-04-05,34,,,
1743897600000,2025-04-06,23,,,
1743984000000,2025-04-07,24,,,
1744070400000,2025-04-08,18,,,
1744156800000,2025-04-09,39,,,
1744243200000,2025-04-10,25,,,
1744329600000,2025-04-11,43,,,
1744416000000,2025-04-12,45,,,
1744502400000,2025-04-13,31,,,
1744588800000,2025-04-14,38,,,
1744675200000,2025-04-15,29,,,
1744761600000,2025-04-16,30,,,
1744848000000,2025-04-17,33,,,
1744934400000,2025-04-18,32,,,
1745020800000,2025-04-19,37,,,
1745107200000,2025-04-20,39,,,
1745193600000,2025-04-21,47,,,
1745280000000,2025-04-22,72,,,
1745366400000,2025-04-23,63,,,
1745452800000,2025-04-24,60,,,
1745539200000,2025-04-25,65,,,
1745625600000,2025-04-26,61,,,
1745712000000,2025-04-27,54,,,
1745798400000,2025-04-28,60,,,
1745884800000,2025-04-29,56,,,
1745971200000,2025-04-30,53,,,
1746057600000,2025-05-01,67,,,
1746144000000,2025-05-02,65,,,
1746230400000,2025-05-03,64,,,
1746316800000,2025-05-04,52,,,
1746403200000,2025-05-05,59,,,
1746489600000,2025-05-06,67,,,
1746576000000,2025-05-07,65,,,
1746662400000,2025-05-08,73,,,
1746748800000,2025-05-09,70,,,
1746835200000,2025-05-10,70,,,
1746921600000,2025-05-11,70,,,
1747008000000,2025-05-12,70,,,
1747094400000,2025-05-13,73,,,
1747180800000,2025-05-14,70,,,
1747267200000,2025-05-15,71,,,
1747353600000,2025-05-16,74,,,
1747440000000,2025-05-17,74,,,
1747526400000,2025-05-18,74,,,
1747612800000,2025-05-19,71,,,
1747699200000,2025-05-20,70,,,
1747785600000,2025-05-21,72,,,
1747872000000,2025-05-22,78,,,
1747958400000,2025-05-23,66,,,
1748044800000,2025-05-24,74,,,
1748131200000,2025-05-25,73,,,
1748217600000,2025-05-26,74,,,
1748304000000,2025-05-27,71,,,
1748390400000,2025-05-28,74,,,
1748476800000,2025-05-29,60,,,
1748563200000,2025-05-30,50,,,
1748649600000,2025-05-31,56,,,
1748736000000,2025-06-01,64,,,
1748822400000,2025-06-02,64,,,
1748908800000,2025-06-03,62,,,
1748995200000,2025-06-04,57,,,
1749081600000,2025-06-05,45,,,
1749168000000,2025-06-06,52,,,
1749254400000,2025-06-07,62,,,
1749340800000,2025-06-08,62,,,
1749427200000,2025-06-09,71,,,
1749513600000,2025-06-10,72,,,
1749600000000,2025-06-11,71,,,
1749686400000,2025-06-12,61,,,
1749772800000,2025-06-13,63,,,
